-- phpMyAdmin SQL Dump
-- version 4.6.5.2
-- https://www.phpmyadmin.net/
--
-- Хост: 127.0.0.1:3306
-- Час створення: Бер 04 2017 р., 03:59
-- Версія сервера: 5.7.16
-- Версія PHP: 7.1.0

SET SQL_MODE = "NO_AUTO_VALUE_ON_ZERO";
SET time_zone = "+00:00";


/*!40101 SET @OLD_CHARACTER_SET_CLIENT=@@CHARACTER_SET_CLIENT */;
/*!40101 SET @OLD_CHARACTER_SET_RESULTS=@@CHARACTER_SET_RESULTS */;
/*!40101 SET @OLD_COLLATION_CONNECTION=@@COLLATION_CONNECTION */;
/*!40101 SET NAMES utf8mb4 */;

--
-- База даних: `memberslist`
--

-- --------------------------------------------------------

--
-- Структура таблиці `migrations`
--

CREATE TABLE `migrations` (
  `id` int(10) UNSIGNED NOT NULL,
  `migration` varchar(255) COLLATE utf8mb4_unicode_ci NOT NULL,
  `batch` int(11) NOT NULL
) ENGINE=InnoDB DEFAULT CHARSET=utf8mb4 COLLATE=utf8mb4_unicode_ci;

--
-- Дамп даних таблиці `migrations`
--

INSERT INTO `migrations` (`id`, `migration`, `batch`) VALUES
(1, '2017_03_03_000000_create_users_table', 1),
(2, '2017_03_03_100000_create_review_table', 1);

-- --------------------------------------------------------

--
-- Структура таблиці `reviews`
--

CREATE TABLE `reviews` (
  `id` int(10) UNSIGNED NOT NULL,
  `textscore` varchar(255) COLLATE utf8mb4_unicode_ci NOT NULL,
  `score` int(11) DEFAULT NULL,
  `author_id` int(10) UNSIGNED DEFAULT NULL,
  `created_at` timestamp NULL DEFAULT NULL,
  `updated_at` timestamp NULL DEFAULT NULL,
  `deleted_at` timestamp NULL DEFAULT NULL
) ENGINE=InnoDB DEFAULT CHARSET=utf8mb4 COLLATE=utf8mb4_unicode_ci;

--
-- Дамп даних таблиці `reviews`
--

INSERT INTO `reviews` (`id`, `textscore`, `score`, `author_id`, `created_at`, `updated_at`, `deleted_at`) VALUES
(1, 'Et aperiam voluptatibus et. Beatae nostrum nihil accusantium mollitia in veniam rerum. Aut et temporibus praesentium at et incidunt ea. Quae et modi earum corrupti voluptates deleniti animi itaque.', 3, 194, '2017-03-03 20:29:53', '2017-03-03 20:29:53', NULL),
(2, 'Aspernatur soluta iusto quae reiciendis maxime asperiores. Rerum laboriosam doloribus eveniet. Accusamus aperiam sint dolore in. Tempora error nostrum animi numquam velit doloremque eius.', 1, 47, '2017-03-03 20:29:53', '2017-03-03 20:29:53', NULL),
(3, 'Sit voluptatem aliquid voluptate necessitatibus. Officiis tempora ducimus rem voluptatem. Eos laboriosam in id totam non. Aut voluptas qui ut fugiat architecto sint nemo.', 2, 82, '2017-03-03 20:29:53', '2017-03-03 20:29:53', NULL),
(4, 'Recusandae eligendi aut et. Aut doloremque exercitationem vel porro dolor. Recusandae assumenda tempore distinctio quisquam eveniet corrupti. Ducimus qui ipsum dolorum deserunt est.', 1, 181, '2017-03-03 20:29:53', '2017-03-03 20:29:53', NULL),
(5, 'Ut vel ea qui voluptas et culpa tenetur. Iure beatae omnis sint nulla quidem voluptatem amet quos.', 2, 104, '2017-03-03 20:29:53', '2017-03-03 20:29:53', NULL),
(6, 'Qui quisquam nulla dolorem tempora. Modi fugit ut et facilis. Et facilis doloribus magni aliquam dolores sit. Nihil vel totam aspernatur mollitia.', 3, 122, '2017-03-03 20:29:53', '2017-03-03 20:29:53', NULL),
(7, 'Aut et est sunt quae maxime occaecati et perspiciatis. Aut consequatur ipsa qui. Ad enim laboriosam illum. Placeat aut ut et voluptatum ipsa molestiae quam exercitationem.', 3, 21, '2017-03-03 20:29:53', '2017-03-03 20:29:53', NULL),
(8, 'Voluptatem dolores aut molestias vel vel. Hic sunt et modi sit culpa sapiente. Voluptas soluta magni reprehenderit quo in commodi quis.', 3, 147, '2017-03-03 20:29:53', '2017-03-03 20:29:53', NULL),
(9, 'Animi doloribus et ipsa error non odit quidem. Laudantium voluptates cupiditate dicta minus eaque. Voluptas est in quo eos soluta voluptatibus. Aspernatur eveniet nisi velit ut totam.', 4, 144, '2017-03-03 20:29:53', '2017-03-03 20:29:53', NULL),
(10, 'Totam similique dolores ut perferendis. Fuga vel exercitationem voluptatem ad nihil. Dolores iure laborum qui inventore maxime aspernatur sint. Ducimus quia esse officiis repellat.', 4, 200, '2017-03-03 20:29:53', '2017-03-03 20:29:53', NULL),
(11, 'Officia dolor distinctio esse. Repudiandae consequuntur veniam facilis atque aut neque. Rem aut odio deleniti consequatur. Laboriosam et iusto harum tempora.', 2, 25, '2017-03-03 20:29:53', '2017-03-03 20:29:53', NULL),
(12, 'Ipsum sit officiis sit. Nulla veritatis quos libero.', 5, 40, '2017-03-03 20:29:53', '2017-03-03 20:29:53', NULL),
(13, 'Eos in id repellat corrupti. Qui quis quisquam sint rerum repudiandae aperiam. Asperiores quos dolorem totam voluptatem minus.', 4, 60, '2017-03-03 20:29:53', '2017-03-03 20:29:53', NULL),
(14, 'Consequuntur ea consequuntur quisquam mollitia. Iusto et doloribus non vero laudantium libero.', 1, 4, '2017-03-03 20:29:53', '2017-03-03 20:29:53', NULL),
(15, 'Voluptas enim voluptatem id sit praesentium quia aut unde. Blanditiis et neque dolorum id. Ex modi cum velit labore autem. Earum eum consequatur quia ea.', 2, 138, '2017-03-03 20:29:53', '2017-03-03 20:29:53', NULL),
(16, 'Maiores quaerat officia soluta occaecati. Optio consequuntur consequatur voluptate sed blanditiis omnis hic. Voluptatem quasi aut et magni vero ea ipsa.', 3, 141, '2017-03-03 20:29:53', '2017-03-03 20:29:53', NULL),
(17, 'Consequuntur quibusdam provident sed eius tempore qui. Rerum ipsam et rerum similique. Provident ex quibusdam illum veritatis. Ea nostrum aliquam porro numquam iusto quam enim expedita.', 1, 84, '2017-03-03 20:29:53', '2017-03-03 20:29:53', NULL),
(18, 'Doloremque quo dolore tenetur iure illum ut. Nemo facere ex voluptatem qui sint consectetur est. Quis voluptatum quis at sapiente blanditiis quae at.', 2, 54, '2017-03-03 20:29:53', '2017-03-03 20:29:53', NULL),
(19, 'Quis ad illo sequi alias ullam nisi ullam sint. Aut autem saepe dicta et. Quidem libero asperiores porro suscipit qui.', 1, 171, '2017-03-03 20:29:53', '2017-03-03 20:29:53', NULL),
(20, 'Impedit ut deserunt autem. Sed ullam quaerat non sapiente est et. Architecto rerum modi voluptas vel voluptatibus sed. Nisi dolorem sed occaecati architecto et consequatur eos.', 4, 56, '2017-03-03 20:29:53', '2017-03-03 20:29:53', NULL),
(21, 'Et explicabo corrupti id eaque molestiae. Enim hic consequatur laborum vel tempora rerum. Voluptatum in veniam blanditiis nulla a eum cupiditate. Nemo non perferendis corporis repellat nihil.', 1, 155, '2017-03-03 20:29:53', '2017-03-03 20:29:53', NULL),
(22, 'Ut consequatur eaque aliquam est in. Est cupiditate sequi non repellendus eligendi incidunt excepturi. In ipsa veniam provident fugiat odit. Autem nihil ipsam placeat vel eum ad.', 2, 193, '2017-03-03 20:29:53', '2017-03-03 20:29:53', NULL),
(23, 'Eum amet consectetur quaerat consectetur debitis consequuntur. Et omnis modi sed facere et. Accusamus esse a omnis eos quia natus.', 3, 9, '2017-03-03 20:29:53', '2017-03-03 20:29:53', NULL),
(24, 'Doloribus corporis earum nam accusantium cum et. Nam omnis incidunt voluptatem qui quaerat consequatur iure porro. Aspernatur exercitationem libero nesciunt minima fugiat repellat fugiat amet.', 2, 39, '2017-03-03 20:29:53', '2017-03-03 20:29:53', NULL),
(25, 'Itaque labore est et expedita enim quam. Qui quia magni qui est.', 1, 120, '2017-03-03 20:29:53', '2017-03-03 20:29:53', NULL),
(26, 'Voluptas aliquid soluta voluptatem id. Beatae nostrum quisquam dolorem odio. Iusto aspernatur nam quod voluptatum consequuntur libero.', 1, 157, '2017-03-03 20:29:53', '2017-03-03 20:29:53', NULL),
(27, 'Et labore unde sequi dolores. Eligendi quis veritatis voluptatem soluta aperiam sed at natus. Magnam doloribus rerum optio facilis ex. Alias aut itaque repellendus vel quo in velit.', 1, 157, '2017-03-03 20:29:53', '2017-03-03 20:29:53', NULL),
(28, 'Maxime nostrum et veniam voluptatem accusantium ad cumque. Repellat praesentium qui quae molestiae adipisci aliquam eos. Culpa assumenda vitae soluta magnam ducimus facilis et.', 1, 106, '2017-03-03 20:29:53', '2017-03-03 20:29:53', NULL),
(29, 'Rem quas nobis commodi modi. Sit voluptates beatae ducimus non qui sint nobis. Aliquid ducimus qui omnis eos. Ipsum enim consequatur explicabo sed repellendus aut.', 5, 126, '2017-03-03 20:29:53', '2017-03-03 20:29:53', NULL),
(30, 'Dolorem expedita qui et quidem. Quia aut rerum quia sequi odit.\nEt enim quisquam in maxime et. Reiciendis maiores repellendus eos dignissimos. Et repellat hic nostrum animi ut.', 2, 196, '2017-03-03 20:29:53', '2017-03-03 20:29:53', NULL),
(31, 'Repellendus quaerat quod quam blanditiis sed tenetur dolorem deleniti. Est libero neque et consequatur aperiam.', 2, 82, '2017-03-03 20:29:53', '2017-03-03 20:29:53', NULL),
(32, 'Sit culpa ex praesentium aut consequuntur. Ullam in facere molestias perferendis eum voluptatem et. Neque eum laboriosam ex enim mollitia. Voluptatem eaque et aut autem minus aut earum.', 5, 33, '2017-03-03 20:29:53', '2017-03-03 20:29:53', NULL),
(33, 'Est itaque autem omnis fuga et impedit. Qui voluptatem officia esse quas architecto molestiae dolorum. Enim et aut aperiam fuga asperiores et.', 3, 77, '2017-03-03 20:29:53', '2017-03-03 20:29:53', NULL),
(34, 'Doloremque vel minus suscipit fugit quibusdam. Odit consequatur voluptas minima necessitatibus. Ut culpa qui molestiae eligendi. Consequatur consequuntur placeat amet amet modi sed.', 2, 45, '2017-03-03 20:29:53', '2017-03-03 20:29:53', NULL),
(35, 'Voluptatibus dolor consequatur enim amet laborum. Reprehenderit rerum velit unde ratione consequatur sapiente et. Minima est recusandae quas dicta. Tempora vero qui ipsum veniam accusamus.', 3, 21, '2017-03-03 20:29:53', '2017-03-03 20:29:53', NULL),
(36, 'Iusto et exercitationem quibusdam minima iste. Nulla id quod ut error. Perferendis sit commodi sint temporibus vero maiores cupiditate est.', 4, 53, '2017-03-03 20:29:53', '2017-03-03 20:29:53', NULL),
(37, 'Commodi officia et enim quas et est culpa vel. Ut voluptates aspernatur molestiae ducimus quo doloribus. Voluptatibus est quis quo nam aliquid animi hic.', 3, 187, '2017-03-03 20:29:53', '2017-03-03 20:29:53', NULL),
(38, 'Est deleniti laborum aut aliquid nemo vel. Incidunt est eos eos praesentium. Dicta aut velit iure molestiae minima mollitia iure.', 3, 181, '2017-03-03 20:29:53', '2017-03-03 20:29:53', NULL),
(39, 'Consequatur vitae non quod sit vel qui. Autem praesentium sed eaque enim. Fugit rerum quia aut sunt amet assumenda.', 4, 2, '2017-03-03 20:29:53', '2017-03-03 20:29:53', NULL),
(40, 'Est aliquam sed explicabo qui eum sed. Rerum sunt qui vel eos consequatur aut ea.', 3, 175, '2017-03-03 20:29:53', '2017-03-03 20:29:53', NULL),
(41, 'Et voluptatem nihil aut voluptas et qui vel doloribus. Voluptas est quibusdam in ullam qui consequuntur et consequatur. Dolore repudiandae numquam quos exercitationem. Autem in maiores labore.', 2, 122, '2017-03-03 20:29:53', '2017-03-03 20:29:53', NULL),
(42, 'Sed nulla nisi quis et ut. Soluta sed minus quae rem nisi. Rem illo voluptatibus doloribus ipsum iusto. Labore enim molestiae voluptatem saepe quidem.', 2, 33, '2017-03-03 20:29:53', '2017-03-03 20:29:53', NULL),
(43, 'Voluptatum omnis est in. Necessitatibus quos nulla repellendus assumenda dolorem adipisci molestiae. Recusandae non beatae ut minus sit molestias. Quia odit odio at incidunt in.', 4, 53, '2017-03-03 20:29:53', '2017-03-03 20:29:53', NULL),
(44, 'Possimus repellat voluptatum expedita nisi qui. Autem ut cumque nulla eum et iusto autem dolorem.', 3, 38, '2017-03-03 20:29:53', '2017-03-03 20:29:53', NULL),
(45, 'Necessitatibus officiis amet voluptas necessitatibus voluptate tenetur. Et dolorem dolorem consequatur id et nisi quod. Et et distinctio laborum autem eveniet voluptatibus.', 3, 47, '2017-03-03 20:29:53', '2017-03-03 20:29:53', NULL),
(46, 'Voluptatibus cumque excepturi accusantium veritatis. Enim id ut expedita qui officia qui excepturi.', 1, 57, '2017-03-03 20:29:53', '2017-03-03 20:29:53', NULL),
(47, 'Ducimus quia dolorem aperiam quas ab sunt. Distinctio vitae voluptatem doloribus et placeat minus. Et ad eos maxime quo. Odit libero repellat ex asperiores adipisci ipsa dolor eum.', 5, 5, '2017-03-03 20:29:53', '2017-03-03 20:29:53', NULL),
(48, 'A praesentium debitis vel voluptas. Corporis beatae illo velit quo recusandae et molestiae. Ut ad labore totam atque nihil. Ut sit sunt aut autem explicabo nihil.', 1, 88, '2017-03-03 20:29:53', '2017-03-03 20:29:53', NULL),
(49, 'Optio et et enim sit. Ut aut numquam neque aut neque. Officiis quaerat qui odit unde.', 1, 41, '2017-03-03 20:29:53', '2017-03-03 20:29:53', NULL),
(50, 'Sed accusamus tempora pariatur labore quis eaque voluptatem. Aperiam saepe animi fuga quis ut nostrum quia. Placeat dolores aliquam molestiae ut quam possimus.', 1, 71, '2017-03-03 20:29:53', '2017-03-03 20:29:53', NULL),
(51, 'Ex minus est consequatur. Commodi delectus iure voluptates harum. Illum occaecati ex quo porro.', 5, 52, '2017-03-03 20:29:53', '2017-03-03 20:29:53', NULL),
(52, 'Dicta consequatur atque commodi. Aut et sit impedit id quos nostrum similique neque. Corporis aut nihil ut numquam exercitationem et.', 4, 4, '2017-03-03 20:29:53', '2017-03-03 20:29:53', NULL),
(53, 'Dolorem alias sint ad quia fuga veritatis. Omnis ipsum laborum mollitia aliquid officiis. Eaque magnam id aut placeat consequatur possimus qui reiciendis.', 3, 63, '2017-03-03 20:29:53', '2017-03-03 20:29:53', NULL),
(54, 'Aut corrupti provident eum. Et eligendi ad ducimus rerum eos alias a. Soluta qui dolor id. Temporibus eum eum nihil quasi et quia facilis.', 4, 84, '2017-03-03 20:29:53', '2017-03-03 20:29:53', NULL),
(55, 'Nostrum quos soluta voluptates laboriosam provident. Et repellendus at itaque velit ut tempore qui. Sint qui et doloribus quidem totam et voluptatibus ut. Qui error impedit delectus qui nam.', 3, 116, '2017-03-03 20:29:53', '2017-03-03 20:29:53', NULL),
(56, 'Error consectetur et qui. Est dolores magnam dolorum sunt magnam laborum. Non voluptatem in ut ducimus odio facere. Qui sed non quidem.', 2, 111, '2017-03-03 20:29:53', '2017-03-03 20:29:53', NULL),
(57, 'Sit beatae qui eaque sapiente similique alias ut. Quis molestias nam et adipisci perspiciatis neque consequatur. Nam iure et aut velit.', 5, 65, '2017-03-03 20:29:53', '2017-03-03 20:29:53', NULL),
(58, 'Omnis quia ad minima sint excepturi. Ratione sit ut voluptates eos ab perferendis omnis. Fugit provident fugiat magni eum harum ipsam et eum. Impedit harum quod totam.', 5, 51, '2017-03-03 20:29:53', '2017-03-03 20:29:53', NULL),
(59, 'Corporis eum id porro vel delectus mollitia. Dolores voluptatem quisquam voluptatum enim sit reprehenderit saepe praesentium.', 2, 133, '2017-03-03 20:29:53', '2017-03-03 20:29:53', NULL),
(60, 'Itaque illum et incidunt quo commodi at. Deserunt dolorem alias ut facere sapiente aut quia id. Incidunt totam quae saepe est similique vitae debitis consequatur.', 4, 163, '2017-03-03 20:29:53', '2017-03-03 20:29:53', NULL),
(61, 'Mollitia dolorum voluptatum non est voluptatem laudantium. Vel voluptas velit qui provident a. Nam qui consequatur eos iste consequuntur.', 3, 164, '2017-03-03 20:29:53', '2017-03-03 20:29:53', NULL),
(62, 'Quia non ut id dolore ut est. Voluptates unde quo nemo quaerat. Aspernatur nemo voluptatem nobis consectetur omnis eum.', 1, 187, '2017-03-03 20:29:53', '2017-03-03 20:29:53', NULL),
(63, 'Eius in sint eveniet molestiae. In nostrum distinctio qui illo saepe. Accusamus repudiandae corrupti expedita. Tenetur ut earum architecto velit ut itaque.', 2, 81, '2017-03-03 20:29:53', '2017-03-03 20:29:53', NULL),
(64, 'Ea explicabo aut delectus sed et. Quibusdam modi culpa est mollitia voluptatem ullam. Quia ullam sequi qui id sequi eum enim. Cumque aliquam et nihil dolores non ipsa voluptatem exercitationem.', 4, 199, '2017-03-03 20:29:53', '2017-03-03 20:29:53', NULL),
(65, 'Corporis accusantium eos soluta qui. Quis sed quia pariatur doloribus ducimus a. Voluptates architecto dolor voluptates totam. Voluptates facere minus quam ex eos facilis iusto.', 4, 42, '2017-03-03 20:29:53', '2017-03-03 20:29:53', NULL),
(66, 'Amet iure hic facere molestias sit amet voluptatem. Natus at mollitia consequuntur nihil magnam dolorem. Qui error labore dicta tenetur sunt.', 4, 29, '2017-03-03 20:29:53', '2017-03-03 20:29:53', NULL),
(67, 'Quaerat mollitia quas blanditiis atque exercitationem debitis. Consequatur autem consectetur omnis quis magnam ullam quod fugiat. Voluptatem et ullam distinctio vel.', 4, 69, '2017-03-03 20:29:53', '2017-03-03 20:29:53', NULL),
(68, 'Aut minima dolorum impedit quis quia est. Odio odio praesentium minima id maiores eum. Fugiat est illum voluptatem nisi sequi recusandae. Necessitatibus quo minima blanditiis natus accusamus atque.', 4, 193, '2017-03-03 20:29:53', '2017-03-03 20:29:53', NULL),
(69, 'Corrupti ea voluptas placeat qui laboriosam. Est maxime quibusdam animi suscipit itaque. Dolorum sit dicta omnis deserunt. Quia modi maiores commodi velit alias molestiae.', 3, 68, '2017-03-03 20:29:53', '2017-03-03 20:29:53', NULL),
(70, 'Excepturi quisquam ipsam voluptas quibusdam. Quia quia facilis cupiditate aut provident eaque. Nisi esse minus sequi et. Iste dolorum sed fugiat laudantium.', 1, 105, '2017-03-03 20:29:53', '2017-03-03 20:29:53', NULL),
(71, 'Odit et est maxime qui. Ducimus unde qui odio et autem ad voluptatem. Quaerat distinctio labore commodi. Ea delectus incidunt amet. Architecto est tempora dolorum quia.', 1, 128, '2017-03-03 20:29:53', '2017-03-03 20:29:53', NULL),
(72, 'Minima distinctio qui qui facilis. Sint beatae sunt sed hic perferendis voluptatum excepturi enim. Eaque explicabo est ut voluptatum reiciendis perferendis.', 3, 162, '2017-03-03 20:29:53', '2017-03-03 20:29:53', NULL),
(73, 'Doloribus laboriosam officiis adipisci omnis fugiat enim. Praesentium dolorem fuga consequatur. Odit distinctio est minus.', 3, 177, '2017-03-03 20:29:53', '2017-03-03 20:29:53', NULL),
(74, 'Non excepturi cupiditate rem et fuga maxime sit. Aperiam harum dicta ut repellendus optio quam quidem.', 2, 139, '2017-03-03 20:29:53', '2017-03-03 20:29:53', NULL),
(75, 'Hic et reprehenderit culpa. Deserunt sit tempore earum adipisci voluptatem reprehenderit.', 2, 183, '2017-03-03 20:29:53', '2017-03-03 20:29:53', NULL),
(76, 'Non possimus tempore eveniet repellendus libero ut. Et nesciunt tempore totam maiores tenetur rerum. Corporis rem ut error. Non aspernatur ratione necessitatibus animi et.', 4, 153, '2017-03-03 20:29:53', '2017-03-03 20:29:53', NULL),
(77, 'Vitae et et consequatur. Expedita vitae eum velit unde sit numquam. Voluptas aliquam eos repellendus id ut. Et est id perferendis rerum nesciunt ut.', 3, 180, '2017-03-03 20:29:53', '2017-03-03 20:29:53', NULL),
(78, 'Rerum quia consequatur reprehenderit ipsa. Deserunt quo adipisci iste voluptatibus voluptatum itaque asperiores. Minus est culpa quasi consequatur et.', 1, 189, '2017-03-03 20:29:53', '2017-03-03 20:29:53', NULL),
(79, 'Autem blanditiis aut mollitia consequuntur voluptatem sed libero. Est dolores aliquam ullam assumenda.', 4, 31, '2017-03-03 20:29:53', '2017-03-03 20:29:53', NULL),
(80, 'Nihil repellat atque dignissimos maiores. Incidunt culpa vero sed aut repellat et quis. Itaque enim rerum laboriosam temporibus aperiam. Nostrum ea nobis iusto assumenda a quo.', 1, 195, '2017-03-03 20:29:53', '2017-03-03 20:29:53', NULL),
(81, 'Officia enim illo repudiandae cupiditate. Et expedita laboriosam odio.', 1, 84, '2017-03-03 20:29:53', '2017-03-03 20:29:53', NULL),
(82, 'Omnis voluptatem quia ex dolorum dicta quia non. Veritatis voluptas ipsum delectus incidunt veniam laboriosam voluptatibus est. Aliquam repellendus eaque ipsum reprehenderit.', 2, 40, '2017-03-03 20:29:53', '2017-03-03 20:29:53', NULL),
(83, 'Itaque unde odit omnis. Est suscipit fugit mollitia ipsam expedita ex consequuntur. Assumenda iste tempora cupiditate. Et nobis maiores aut incidunt animi ipsa ipsa.', 5, 38, '2017-03-03 20:29:53', '2017-03-03 20:29:53', NULL),
(84, 'Repellat occaecati ex illum qui rerum quos. Et suscipit soluta fugiat praesentium cumque consequatur quis. Ab impedit quia autem sequi vel et qui nesciunt.', 5, 111, '2017-03-03 20:29:53', '2017-03-03 20:29:53', NULL),
(85, 'Voluptas necessitatibus fugiat et dolorem. Ullam officiis ipsum voluptatibus eius corrupti nesciunt qui. Et expedita qui beatae autem libero accusantium.', 2, 44, '2017-03-03 20:29:53', '2017-03-03 20:29:53', NULL),
(86, 'Fuga excepturi nihil nisi cum quo. Et qui cum dolor rerum eligendi debitis. Totam neque odit modi qui voluptatem nemo et. Rerum autem accusantium veniam non occaecati quaerat tempore.', 3, 132, '2017-03-03 20:29:53', '2017-03-03 20:29:53', NULL),
(87, 'Ab quam recusandae natus ut eligendi saepe deleniti aut. Et perferendis repellendus omnis in voluptatem voluptas architecto.', 5, 134, '2017-03-03 20:29:53', '2017-03-03 20:29:53', NULL),
(88, 'Repellendus labore et aspernatur quidem reprehenderit. Suscipit non vel saepe consequuntur. Earum non maxime aspernatur earum dolor.', 3, 8, '2017-03-03 20:29:53', '2017-03-03 20:29:53', NULL),
(89, 'Accusantium in est accusantium quos aut rerum. Qui ut veritatis ullam vel. Odit ab voluptas nostrum aut.', 4, 173, '2017-03-03 20:29:53', '2017-03-03 20:29:53', NULL),
(90, 'Placeat et voluptatem illo nam. Autem enim officiis modi voluptatem tempore a. Voluptates nisi vero nemo exercitationem qui autem minima.', 2, 169, '2017-03-03 20:29:53', '2017-03-03 20:29:53', NULL),
(91, 'Officiis sunt numquam ut. Temporibus veritatis enim tenetur perspiciatis sint. Nisi voluptatum voluptatum praesentium fugit. Aut ipsum possimus perspiciatis consequuntur in.', 3, 26, '2017-03-03 20:29:53', '2017-03-03 20:29:53', NULL),
(92, 'Vitae consequatur corrupti iure earum dolor deserunt. Consequatur iusto dolor iure exercitationem inventore maxime impedit est. Totam commodi voluptates architecto natus ut.', 4, 38, '2017-03-03 20:29:53', '2017-03-03 20:29:53', NULL),
(93, 'Qui velit ipsum sed commodi. Dolorum velit sint quis ut. Architecto et labore cumque non rerum et. Sed eos voluptatem quis ad animi voluptatem doloremque.', 3, 43, '2017-03-03 20:29:53', '2017-03-03 20:29:53', NULL),
(94, 'Accusamus nobis eius et tenetur ut harum distinctio. Cupiditate sit eius recusandae voluptatibus eum quis dolores.', 4, 37, '2017-03-03 20:29:53', '2017-03-03 20:29:53', NULL),
(95, 'Reprehenderit molestiae officiis recusandae dolore. Eius veritatis id beatae. Maxime molestiae cum quia culpa.', 3, 136, '2017-03-03 20:29:53', '2017-03-03 20:29:53', NULL),
(96, 'Inventore culpa quidem mollitia nulla. Aut consequatur quo ea sint velit cumque praesentium. Nostrum modi inventore ut ut qui sapiente dolorum. Nobis est aliquid doloribus quia.', 2, 110, '2017-03-03 20:29:53', '2017-03-03 20:29:53', NULL),
(97, 'Consequatur inventore rerum et autem voluptates. Distinctio illo et illum tempora est distinctio vel. Placeat quisquam nisi iste. Eum et sapiente cumque velit voluptatem quidem voluptatem.', 4, 9, '2017-03-03 20:29:53', '2017-03-03 20:29:53', NULL),
(98, 'Qui praesentium aliquam adipisci est enim enim blanditiis. Est voluptatem adipisci autem molestiae. Eveniet necessitatibus numquam esse et.', 3, 120, '2017-03-03 20:29:53', '2017-03-03 20:29:53', NULL),
(99, 'Nihil qui consequatur corporis est sed ea laborum. Sit odio ex sit tempore. Rerum quam aut rerum vitae totam inventore et.', 4, 170, '2017-03-03 20:29:53', '2017-03-03 20:29:53', NULL),
(100, 'Assumenda magni pariatur neque eius aut dolorem perspiciatis. Sed eaque veritatis a. Et animi quis perspiciatis amet quia adipisci aut fuga. Suscipit voluptas mollitia consequatur doloremque.', 5, 25, '2017-03-03 20:29:53', '2017-03-03 20:29:53', NULL),
(101, 'Dolore corrupti consequatur et quidem rerum mollitia nobis. Neque sequi est quo quia. Qui quae enim ipsum sunt.', 4, 144, '2017-03-03 20:29:53', '2017-03-03 20:29:53', NULL),
(102, 'Cupiditate hic voluptatem molestiae unde. Asperiores placeat dolor ut rerum ut repudiandae nobis.', 1, 168, '2017-03-03 20:29:53', '2017-03-03 20:29:53', NULL),
(103, 'Nihil veritatis accusamus consectetur natus. Veritatis qui aut et sit unde. Molestias maiores vel enim eaque dolorem in.', 5, 75, '2017-03-03 20:29:53', '2017-03-03 20:29:53', NULL),
(104, 'Placeat maxime laborum laudantium voluptatem non porro. Voluptatibus tempora consequuntur ut nemo. Saepe voluptates laborum ipsa est esse quos. Aut et voluptatem ipsam soluta dolorem rerum qui.', 5, 175, '2017-03-03 20:29:53', '2017-03-03 20:29:53', NULL),
(105, 'Aut ratione dolorem sunt repellendus iste quasi. Ea ipsa adipisci nobis nihil et rem qui. Illum voluptatum eius non totam. Voluptates est occaecati consequuntur et.', 5, 156, '2017-03-03 20:29:53', '2017-03-03 20:29:53', NULL),
(106, 'Laborum voluptates illum perspiciatis. Sequi illum impedit nihil quia ea nisi culpa. Est est vitae amet.', 1, 136, '2017-03-03 20:29:53', '2017-03-03 20:29:53', NULL),
(107, 'Placeat non amet eius est reiciendis. Consequatur error deleniti voluptatem dolore exercitationem. Reiciendis asperiores veniam dicta neque. Hic voluptatem incidunt soluta sint.', 5, 170, '2017-03-03 20:29:53', '2017-03-03 20:29:53', NULL),
(108, 'Vero et aut quia ducimus. Aut deserunt ut eum totam. Non sed eius quia animi voluptatem dolore voluptas. Sit ut veritatis delectus autem itaque nobis non.', 5, 123, '2017-03-03 20:29:53', '2017-03-03 20:29:53', NULL),
(109, 'Voluptas eum beatae inventore voluptas dolores aliquam. Aut saepe magnam eos non eaque repudiandae tenetur qui. Autem illo velit vel eligendi eos sed voluptatem.', 4, 189, '2017-03-03 20:29:53', '2017-03-03 20:29:53', NULL),
(110, 'Quos sunt impedit nisi aut excepturi. Odit dolorem sit neque sequi velit fugiat ut. Aut et molestias voluptatem deleniti esse. Doloribus dignissimos rem quisquam facilis fugiat voluptatem.', 4, 149, '2017-03-03 20:29:53', '2017-03-03 20:29:53', NULL),
(111, 'Non voluptas inventore est. Similique vero maxime quo qui rerum non ullam. Quibusdam non tempora fuga ut dolorem tempora est.', 3, 180, '2017-03-03 20:29:53', '2017-03-03 20:29:53', NULL),
(112, 'Aliquam est quasi dolor sed totam. Alias eaque aut excepturi quo. Debitis sed mollitia nemo ipsa. Culpa eius nostrum saepe.', 3, 146, '2017-03-03 20:29:53', '2017-03-03 20:29:53', NULL),
(113, 'Nihil excepturi ex sequi. Sit et voluptatem consequuntur qui. Harum iusto sit expedita nobis eius accusamus.', 4, 110, '2017-03-03 20:29:53', '2017-03-03 20:29:53', NULL),
(114, 'Incidunt placeat sit et enim. Molestiae dignissimos sequi quasi qui consequatur vero consequatur. Illo et dolor explicabo accusantium magni libero ut. Et deserunt rerum accusamus ad nemo dolorem.', 5, 165, '2017-03-03 20:29:53', '2017-03-03 20:29:53', NULL),
(115, 'Debitis quae impedit labore rem corrupti nisi earum beatae. Quidem a vel veritatis iusto. Voluptatem qui nihil soluta corporis fugiat quam ipsum. Corrupti perferendis inventore qui incidunt.', 1, 1, '2017-03-03 20:29:53', '2017-03-03 20:29:53', NULL),
(116, 'In ad nesciunt facere nihil. Sed expedita non asperiores numquam. Illum aspernatur quod maiores.', 4, 105, '2017-03-03 20:29:53', '2017-03-03 20:29:53', NULL),
(117, 'Et omnis officiis molestias. Quidem impedit dolores adipisci id voluptatem et. Et sunt est aliquam enim enim.', 2, 64, '2017-03-03 20:29:53', '2017-03-03 20:29:53', NULL),
(118, 'In molestias officia libero earum magni. Minima reiciendis repudiandae tempora non dolorem pariatur vero.', 4, 175, '2017-03-03 20:29:53', '2017-03-03 20:29:53', NULL),
(119, 'Incidunt totam voluptas quis dolorem eum ipsa rem. Ut et eaque ea dolorem. Iusto numquam consequuntur qui quam. Odit eveniet debitis quo aut.', 4, 120, '2017-03-03 20:29:53', '2017-03-03 20:29:53', NULL),
(120, 'Quam ullam odio voluptatem. Hic ex aut saepe enim quo. Eius voluptatibus et fugiat iure rerum accusantium laborum provident.', 2, 109, '2017-03-03 20:29:53', '2017-03-03 20:29:53', NULL),
(121, 'Sequi non dolor repellat temporibus. Quo consequuntur impedit eligendi laborum sapiente dolor corporis animi. Et nulla non est minus eveniet facilis.', 4, 63, '2017-03-03 20:29:53', '2017-03-03 20:29:53', NULL),
(122, 'Optio similique provident blanditiis ad quia veritatis. Quia hic laboriosam sit numquam consequatur. Error et omnis non iusto possimus sed minima molestias.', 2, 14, '2017-03-03 20:29:53', '2017-03-03 20:29:53', NULL),
(123, 'Porro delectus culpa ullam quis magni et. Aut quia nobis ducimus doloribus doloribus enim.', 2, 133, '2017-03-03 20:29:53', '2017-03-03 20:29:53', NULL),
(124, 'Iure rem fugit corporis officia enim sed. Voluptas qui ex esse sit. Eum blanditiis sequi harum rem ipsa atque iure.', 2, 55, '2017-03-03 20:29:53', '2017-03-03 20:29:53', NULL),
(125, 'Tempora non autem enim temporibus nam. Voluptas nemo qui qui eveniet molestias quo et. Ut eos itaque sapiente distinctio accusamus temporibus.', 5, 166, '2017-03-03 20:29:53', '2017-03-03 20:29:53', NULL),
(126, 'Architecto aut non est distinctio. Perspiciatis assumenda corporis iusto aliquam voluptas dolore et. Quod est nesciunt est vel laudantium.', 3, 38, '2017-03-03 20:29:53', '2017-03-03 20:29:53', NULL),
(127, 'Qui minus aut porro quia qui vel. Quod ut ut velit non sequi consequatur. Dolorem ipsum aspernatur nostrum et.', 1, 30, '2017-03-03 20:29:53', '2017-03-03 20:29:53', NULL),
(128, 'Ex omnis qui quod libero rerum. Distinctio eum ut molestiae temporibus aspernatur. Rerum dolorum mollitia quo et laborum ducimus occaecati.', 5, 98, '2017-03-03 20:29:53', '2017-03-03 20:29:53', NULL),
(129, 'Hic quis et natus aut. Harum et est voluptatem deleniti deserunt. Iste voluptates reprehenderit recusandae quia voluptatem. Veniam id et nobis voluptates ad.', 1, 123, '2017-03-03 20:29:53', '2017-03-03 20:29:53', NULL),
(130, 'Doloremque qui hic est rerum occaecati. Id quibusdam omnis architecto ab laboriosam perferendis. Possimus praesentium et recusandae architecto.', 1, 17, '2017-03-03 20:29:53', '2017-03-03 20:29:53', NULL),
(131, 'Ex nulla enim tenetur ut magni. Exercitationem illum fuga quas et. Eveniet dolorum sunt possimus consequatur porro quod. Velit iste autem a ratione molestiae.', 2, 53, '2017-03-03 20:29:53', '2017-03-03 20:29:53', NULL),
(132, 'Quo maiores velit omnis ipsam dignissimos. Commodi numquam qui et in omnis fugiat voluptatibus. Quia odit id nulla debitis id. Magni sit sint voluptas minima.', 4, 15, '2017-03-03 20:29:53', '2017-03-03 20:29:53', NULL),
(133, 'Pariatur doloremque aut reprehenderit. Eaque dicta ea quam ex. Dignissimos aliquid dolores laborum atque.', 1, 44, '2017-03-03 20:29:53', '2017-03-03 20:29:53', NULL),
(134, 'Fugit tempora dolore sunt aut voluptatem in. Voluptatum nemo aliquid quos ut et. Beatae est enim illum sint incidunt.', 5, 162, '2017-03-03 20:29:53', '2017-03-03 20:29:53', NULL),
(135, 'Similique qui voluptas autem modi deleniti provident optio. Laudantium inventore ab eius nesciunt. Id quisquam et hic vel quis beatae distinctio.', 3, 147, '2017-03-03 20:29:53', '2017-03-03 20:29:53', NULL),
(136, 'Expedita et veritatis consequatur accusamus praesentium amet voluptas ipsam. Optio architecto et dicta nulla molestiae non eius tempora. At dicta ut aut neque ab molestiae aliquam consequatur.', 5, 52, '2017-03-03 20:29:53', '2017-03-03 20:29:53', NULL),
(137, 'Quam ipsa autem omnis sapiente accusamus ut et. Veritatis necessitatibus dicta deleniti fugiat laborum non excepturi. Est a ratione quia et. Non necessitatibus porro consequatur ex aut quasi.', 4, 51, '2017-03-03 20:29:53', '2017-03-03 20:29:53', NULL),
(138, 'At non ipsam labore magnam aspernatur. Incidunt ab doloribus sequi. Placeat voluptas quibusdam enim aspernatur omnis est dolorem. Rerum quis voluptatem quidem voluptatem velit eius sit.', 4, 30, '2017-03-03 20:29:53', '2017-03-03 20:29:53', NULL),
(139, 'Ipsum minus rem quis. Facere iste repellat eos eum repellat maxime voluptatibus. Quis ratione amet cumque qui magnam aut. Repellendus beatae accusamus eum est.', 3, 177, '2017-03-03 20:29:53', '2017-03-03 20:29:53', NULL),
(140, 'Iure praesentium est dolor laborum tenetur. Sapiente accusantium voluptates eos. Assumenda dolor sint placeat molestiae sunt ad.', 4, 162, '2017-03-03 20:29:53', '2017-03-03 20:29:53', NULL),
(141, 'Ut dolor temporibus et itaque. Ut voluptatum adipisci doloribus nihil dolore. Facilis officia aliquam quidem animi quasi cum.', 5, 110, '2017-03-03 20:29:53', '2017-03-03 20:29:53', NULL),
(142, 'Voluptatem perferendis consequatur nulla officia sint qui error. Aut dolore dolorem nemo earum. Nulla corporis maiores quos minus sed vel rerum consequatur. Molestiae cupiditate et voluptatem sit.', 3, 82, '2017-03-03 20:29:53', '2017-03-03 20:29:53', NULL),
(143, 'Modi ut excepturi odit iusto nihil. Sed repellat laboriosam in laudantium accusantium ut. Repellat error quasi excepturi tempora omnis tenetur ex. Est rem in voluptates sint maxime sunt.', 5, 34, '2017-03-03 20:29:53', '2017-03-03 20:29:53', NULL),
(144, 'In corporis est autem velit quibusdam qui veritatis. Aperiam dolorem quo soluta numquam deleniti veniam autem. Eos temporibus earum aut sit.', 5, 177, '2017-03-03 20:29:53', '2017-03-03 20:29:53', NULL),
(145, 'Aperiam non nemo quaerat velit rerum ad aliquid quia. Et enim et iure perferendis. Recusandae tempore velit aut incidunt doloribus. Dicta id totam voluptatibus reiciendis quia consequatur non.', 4, 101, '2017-03-03 20:29:53', '2017-03-03 20:29:53', NULL),
(146, 'Accusantium sed reprehenderit adipisci sequi pariatur. Est id animi quis laborum aut dolorem. Quis et blanditiis sunt animi.', 2, 100, '2017-03-03 20:29:53', '2017-03-03 20:29:53', NULL),
(147, 'Vitae molestias modi doloribus laborum. Est iusto nobis voluptates voluptate natus eos. Perferendis tempore consectetur incidunt nobis placeat vitae omnis. Voluptatem non sunt non omnis.', 3, 165, '2017-03-03 20:29:53', '2017-03-03 20:29:53', NULL),
(148, 'Omnis deleniti eligendi voluptas eveniet qui. Aliquam quidem est laudantium at id mollitia dolor. Repellat et error asperiores saepe possimus voluptatem.', 2, 14, '2017-03-03 20:29:53', '2017-03-03 20:29:53', NULL),
(149, 'Rerum reprehenderit culpa hic aut mollitia libero maiores. Natus culpa aut doloremque. Soluta non fugiat sit facere.', 4, 5, '2017-03-03 20:29:53', '2017-03-03 20:29:53', NULL),
(150, 'Et quas voluptas aut ut. Eos ab fuga at culpa esse ullam quia. Reprehenderit eos error facilis. Consequatur in ea eveniet ut error velit nihil aut. Delectus est quis illo tempore.', 1, 186, '2017-03-03 20:29:53', '2017-03-03 20:29:53', NULL),
(151, 'Eveniet sed veniam natus atque. Excepturi et et fugit doloribus tempore libero. A dolorum hic non id voluptas ducimus. Animi nihil voluptatem temporibus perspiciatis aut.', 2, 42, '2017-03-03 20:29:53', '2017-03-03 20:29:53', NULL),
(152, 'Non rerum repudiandae eos illo rem. Quidem cupiditate et repudiandae sapiente harum porro quam. Debitis aliquam harum dolores. Omnis nihil voluptates sit sit aut sapiente.', 2, 86, '2017-03-03 20:29:53', '2017-03-03 20:29:53', NULL),
(153, 'Neque rerum eligendi soluta quis. Culpa ipsum sequi sint nulla pariatur. Et aut minus porro ut voluptas et aut. Est sit cum excepturi hic harum vero.', 3, 86, '2017-03-03 20:29:53', '2017-03-03 20:29:53', NULL),
(154, 'Qui ut sint nobis minus autem distinctio repudiandae. Nam quis necessitatibus quia. Ut optio qui enim totam eos eligendi.', 2, 191, '2017-03-03 20:29:53', '2017-03-03 20:29:53', NULL),
(155, 'Fugit et quaerat et id delectus tempore. Impedit excepturi est dolores ab ullam qui ut. Dolorum vel sed temporibus sit eligendi doloremque dolore.', 5, 188, '2017-03-03 20:29:53', '2017-03-03 20:29:53', NULL),
(156, 'Sint error reprehenderit reprehenderit aut corporis exercitationem dolor. Minima ratione amet cupiditate. Aliquid perferendis hic ea animi qui omnis eius nulla.', 4, 76, '2017-03-03 20:29:53', '2017-03-03 20:29:53', NULL),
(157, 'Totam aut facere culpa aliquam. Sapiente et ex dolorem. Voluptatibus quas quaerat hic expedita illo sit.', 5, 64, '2017-03-03 20:29:53', '2017-03-03 20:29:53', NULL),
(158, 'Alias facere sit est laboriosam quidem. Dolor eveniet quasi dolorum quam. Et amet ut quasi quos et quis et.', 4, 50, '2017-03-03 20:29:53', '2017-03-03 20:29:53', NULL),
(159, 'Beatae corporis nulla aspernatur repudiandae explicabo ad eaque. Molestiae in cum fugit quam ratione similique illo accusantium. Harum id iure qui dolor doloremque deleniti.', 2, 89, '2017-03-03 20:29:53', '2017-03-03 20:29:53', NULL),
(160, 'Accusantium et eos iusto natus consequatur in sunt. Explicabo veritatis doloremque nobis soluta ut qui tempora. Dolores autem autem tenetur amet. Aut est ut explicabo rerum.', 4, 38, '2017-03-03 20:29:53', '2017-03-03 20:29:53', NULL),
(161, 'Suscipit natus sint commodi modi placeat illo omnis voluptas. Doloremque iure et tempore dolore molestias corrupti. Sit fugiat cum in exercitationem ut quae. Fugiat et qui et sed.', 1, 111, '2017-03-03 20:29:53', '2017-03-03 20:29:53', NULL),
(162, 'Occaecati sit reiciendis consectetur sequi. Consectetur dolor corporis voluptas omnis aperiam voluptatem. Repellendus consequatur deleniti quia non. Velit natus consequatur magni eaque non ducimus.', 1, 103, '2017-03-03 20:29:53', '2017-03-03 20:29:53', NULL),
(163, 'Qui ipsa qui dicta et exercitationem omnis laborum. Aut maxime amet ad exercitationem. Vitae iure nostrum et id corrupti rerum. Sapiente consequatur aut est voluptates odio ut voluptas harum.', 5, 101, '2017-03-03 20:29:53', '2017-03-03 20:29:53', NULL),
(164, 'Eos ex velit error nisi et. Odio et incidunt beatae deserunt sit. Dignissimos et sed officia harum consectetur quam laborum commodi. Dicta rem quas velit exercitationem et non.', 2, 13, '2017-03-03 20:29:53', '2017-03-03 20:29:53', NULL),
(165, 'Molestiae ad fugiat ut itaque veniam. Qui ullam magnam in quia. Dolorem quae in animi rem qui. Voluptatem alias voluptatem soluta.', 1, 32, '2017-03-03 20:29:53', '2017-03-03 20:29:53', NULL),
(166, 'Est provident sint id blanditiis. Et et aut alias expedita. Enim qui numquam maiores voluptatem error dolor aut quo. Corrupti nisi maxime labore et aspernatur similique et.', 5, 41, '2017-03-03 20:29:53', '2017-03-03 20:29:53', NULL),
(167, 'Consequatur in non sunt ratione ex suscipit maxime. Nemo expedita repellendus ut voluptatem et voluptatem enim. Vitae provident id nesciunt magni maxime nisi adipisci maiores.', 1, 188, '2017-03-03 20:29:53', '2017-03-03 20:29:53', NULL),
(168, 'Iure dolorem vel molestiae aut neque. Iure incidunt sed debitis corporis et.\nRecusandae non quia non. Rerum inventore dolor maxime rerum.', 1, 82, '2017-03-03 20:29:53', '2017-03-03 20:29:53', NULL),
(169, 'Aut aut officiis at omnis. Et at aspernatur temporibus ullam facere id aperiam. Repellat fuga voluptate reprehenderit. Et quod quibusdam eveniet ad sequi.', 4, 4, '2017-03-03 20:29:53', '2017-03-03 20:29:53', NULL),
(170, 'Laudantium sapiente tempora alias iste itaque. Quia facere explicabo non consequuntur voluptas eveniet in. Consequatur pariatur et ab velit quia sed aspernatur.', 1, 65, '2017-03-03 20:29:53', '2017-03-03 20:29:53', NULL),
(171, 'Quas quis quo totam sit. Molestiae voluptatem error fugiat occaecati enim modi. Amet et assumenda optio optio eum dolor ducimus.', 3, 198, '2017-03-03 20:29:53', '2017-03-03 20:29:53', NULL),
(172, 'Est recusandae recusandae dolores asperiores. Et sint illum et reiciendis suscipit. Suscipit deserunt rerum omnis quae.', 2, 88, '2017-03-03 20:29:53', '2017-03-03 20:29:53', NULL),
(173, 'Quis velit quasi quasi nulla. Iste quo voluptatibus aut ut ad. Sunt tenetur non eaque consequatur autem culpa rerum dolore. Ut quo ut qui ad dolor et.', 4, 161, '2017-03-03 20:29:53', '2017-03-03 20:29:53', NULL),
(174, 'Aut iure quisquam culpa ratione a. Adipisci et neque dolor eum. Eum velit consequatur et enim ullam provident eius.', 3, 182, '2017-03-03 20:29:53', '2017-03-03 20:29:53', NULL),
(175, 'Possimus enim fuga et eligendi ratione dolor. Qui occaecati eius magni expedita quis cupiditate exercitationem. Nulla voluptas nostrum est aut hic natus quae.', 3, 83, '2017-03-03 20:29:53', '2017-03-03 20:29:53', NULL),
(176, 'Sed magni esse aut ad. Quis consequatur rerum numquam et voluptatibus consequatur similique. Fuga repellendus fugit ipsam sed quo ex. Pariatur consequatur doloremque dolor nemo fuga.', 1, 51, '2017-03-03 20:29:53', '2017-03-03 20:29:53', NULL),
(177, 'Corrupti perspiciatis cupiditate et natus ex. Quos consequatur molestias amet quia doloribus laudantium. Officia voluptatem ut qui mollitia rerum non. Cumque corrupti et explicabo ut.', 4, 198, '2017-03-03 20:29:53', '2017-03-03 20:29:53', NULL),
(178, 'Dicta est ut accusantium mollitia est. Velit reiciendis nisi id fugiat. Commodi aut nam mollitia ipsum. Et et dicta voluptas eos et. Ipsam placeat voluptatem dolorem sed voluptas itaque.', 4, 121, '2017-03-03 20:29:53', '2017-03-03 20:29:53', NULL),
(179, 'Sequi et cupiditate maiores necessitatibus. Rerum odit veritatis illo ut. Quis fugiat at nulla sapiente sed voluptatibus a molestiae. Debitis qui aut et hic.', 4, 181, '2017-03-03 20:29:53', '2017-03-03 20:29:53', NULL),
(180, 'Placeat illo rerum odit in aut autem nemo. Autem aliquam saepe officiis vero excepturi libero praesentium. Possimus repellendus aliquid quaerat sit et inventore temporibus praesentium.', 5, 60, '2017-03-03 20:29:53', '2017-03-03 20:29:53', NULL),
(181, 'At similique consequatur voluptatem officiis architecto quisquam. Quia iure cumque et. Omnis voluptatibus eius ut.', 3, 169, '2017-03-03 20:29:53', '2017-03-03 20:29:53', NULL),
(182, 'Ut nam voluptates sed velit animi sit debitis. Explicabo at ea quod et sit et qui.', 4, 143, '2017-03-03 20:29:53', '2017-03-03 20:29:53', NULL),
(183, 'Alias porro ea distinctio. Eum velit voluptate sint aut. Dolorem eos corrupti dignissimos voluptatum. Inventore est quis dolor aut est autem. Dicta officiis repudiandae perspiciatis error.', 4, 83, '2017-03-03 20:29:53', '2017-03-03 20:29:53', NULL),
(184, 'Quia similique tempora id est id rerum totam. Quae explicabo qui sequi quisquam occaecati.', 4, 101, '2017-03-03 20:29:53', '2017-03-03 20:29:53', NULL),
(185, 'Aut quis nostrum ut neque. Nam et non et repellendus aut. Quidem reiciendis dolorem saepe consequatur perferendis culpa.', 4, 80, '2017-03-03 20:29:53', '2017-03-03 20:29:53', NULL),
(186, 'Aspernatur in consequatur dicta repudiandae soluta repudiandae. Corrupti quaerat non aut velit cumque commodi magnam vel. Dicta sed alias sit veniam ea iusto.', 2, 135, '2017-03-03 20:29:53', '2017-03-03 20:29:53', NULL),
(187, 'Voluptate impedit voluptatem eveniet dolorem quaerat rem voluptatem et. Ut unde aut in ut dicta. Odit quasi rerum aut et id iure.', 3, 140, '2017-03-03 20:29:53', '2017-03-03 20:29:53', NULL),
(188, 'Voluptatibus est repudiandae excepturi aliquid sint accusamus. Vitae delectus corrupti placeat aut. Harum aperiam nostrum non. Harum facere et ut provident.', 2, 77, '2017-03-03 20:29:53', '2017-03-03 20:29:53', NULL),
(189, 'Totam voluptatem officia nihil inventore quia aut provident. Tempora odio dolore perferendis quo numquam rerum. Qui velit consequatur dolores est beatae harum voluptatibus.', 5, 4, '2017-03-03 20:29:53', '2017-03-03 20:29:53', NULL),
(190, 'Quod molestias et et ipsam in magnam rerum. Aut ipsam animi et facilis omnis at. Aut ut corrupti explicabo aliquid. Iusto molestiae modi dolor facere voluptatibus ad.', 2, 144, '2017-03-03 20:29:53', '2017-03-03 20:29:53', NULL),
(191, 'Assumenda et qui voluptatum consequuntur ea animi in rem. Dolorum autem nostrum nemo voluptatem expedita. Aut itaque voluptatem nulla praesentium rerum magnam aut.', 5, 26, '2017-03-03 20:29:53', '2017-03-03 20:29:53', NULL),
(192, 'Laudantium ipsam excepturi quasi dolore velit repellendus omnis rerum. Esse ipsam aut rem suscipit autem. Quod voluptatibus ea iure vel earum. Voluptas ex et quae rerum explicabo quasi.', 2, 187, '2017-03-03 20:29:53', '2017-03-03 20:29:53', NULL),
(193, 'Ea est asperiores molestiae sed quisquam. Mollitia modi est exercitationem reprehenderit. Quidem accusamus aut iusto ea soluta maxime. Consequatur harum eveniet corporis et qui rerum.', 2, 92, '2017-03-03 20:29:53', '2017-03-03 20:29:53', NULL),
(194, 'Corrupti molestiae alias qui esse perferendis dignissimos eum. Hic dolor fuga ut cum. Animi esse fugiat maiores illum id voluptas et. Assumenda magni facilis quo quas saepe cum.', 4, 154, '2017-03-03 20:29:53', '2017-03-03 20:29:53', NULL),
(195, 'Quisquam molestias nemo omnis nam officia. Ducimus porro eaque et error.', 5, 86, '2017-03-03 20:29:53', '2017-03-03 20:29:53', NULL),
(196, 'Qui facere ex neque porro nostrum consectetur necessitatibus perspiciatis. Possimus et deserunt impedit dicta praesentium animi.', 1, 39, '2017-03-03 20:29:53', '2017-03-03 20:29:53', NULL),
(197, 'At consequatur velit aut ut. Odit possimus est non sunt numquam voluptatibus labore. Veritatis possimus et assumenda minima. Excepturi veniam dolor molestias quaerat.', 1, 32, '2017-03-03 20:29:53', '2017-03-03 20:29:53', NULL),
(198, 'Possimus aspernatur distinctio laudantium qui qui. Molestias alias aut quo dolorum. Voluptatem quas ex modi debitis sed nostrum. Et aut aliquam qui et.', 2, 143, '2017-03-03 20:29:53', '2017-03-03 20:29:53', NULL),
(199, 'Nam veniam aut excepturi doloribus eum est quisquam. Laborum accusamus est mollitia error ratione. Qui quidem perferendis et itaque aliquam id est.', 2, 34, '2017-03-03 20:29:53', '2017-03-03 20:29:53', NULL),
(200, 'Assumenda voluptates autem accusantium sed consequuntur fugiat sint. Ex qui rem ipsam eum voluptas. Hic dignissimos quos dolorem reprehenderit error. Deleniti voluptas sunt laboriosam qui aut velit.', 3, 179, '2017-03-03 20:29:53', '2017-03-03 20:29:53', NULL),
(201, 'Tenetur exercitationem illo aliquam. In et laudantium cupiditate asperiores eius facilis. Mollitia sit sunt magnam. Eum sed dolores accusamus corporis.', 2, 111, '2017-03-03 20:29:53', '2017-03-03 20:29:53', NULL),
(202, 'Harum amet reiciendis commodi quis nulla. Quo sed quo dignissimos voluptatibus molestiae dolore asperiores. Vel quidem et possimus ut velit quisquam voluptatem.', 1, 191, '2017-03-03 20:29:53', '2017-03-03 20:29:53', NULL),
(203, 'Sapiente facere ut quia. Assumenda adipisci enim ipsam dolores. Corrupti qui voluptatum est unde eum magni quod.', 4, 179, '2017-03-03 20:29:53', '2017-03-03 20:29:53', NULL),
(204, 'Sunt fugit aut qui quasi sunt in possimus tenetur. Repudiandae omnis enim quidem illum qui. Quod sit architecto blanditiis neque eaque quo ut. Reiciendis esse aut ducimus sed consequatur non.', 5, 71, '2017-03-03 20:29:53', '2017-03-03 20:29:53', NULL),
(205, 'Quia consectetur dolor repellendus. Sunt autem eum magnam incidunt. Molestias qui autem aut id voluptates saepe quia id. Architecto exercitationem totam quisquam.', 1, 161, '2017-03-03 20:29:53', '2017-03-03 20:29:53', NULL),
(206, 'Veniam dolorem velit est omnis. Quo libero vero illum natus sit laboriosam. Adipisci cum reiciendis iste et eos.', 2, 134, '2017-03-03 20:29:53', '2017-03-03 20:29:53', NULL),
(207, 'Eius unde molestiae autem dolores. Rerum ut excepturi similique. Est debitis non sit unde molestias deserunt maxime.', 3, 34, '2017-03-03 20:29:53', '2017-03-03 20:29:53', NULL),
(208, 'Qui dolorum dolores illum alias eos. Dolores omnis animi est soluta itaque. Recusandae inventore ut ut porro voluptatem autem.', 5, 78, '2017-03-03 20:29:53', '2017-03-03 20:29:53', NULL),
(209, 'Cupiditate fugiat ut provident placeat accusantium voluptatem. Qui suscipit eos dolorem sit explicabo dolores fuga. Earum aspernatur eum dolor cumque eaque. Aut ut earum perspiciatis sed odio.', 5, 133, '2017-03-03 20:29:53', '2017-03-03 20:29:53', NULL),
(210, 'Est repellat dolor similique natus accusantium. Doloribus ullam voluptatem dolor est quis. Consequatur numquam quam eos quibusdam tenetur eos dolor. Vel explicabo sed non corrupti fuga a.', 3, 68, '2017-03-03 20:29:53', '2017-03-03 20:29:53', NULL),
(211, 'Numquam veniam omnis fugiat tenetur quo voluptatibus sunt. Qui sit aut quam maxime. Ipsam harum qui debitis ex ut. Asperiores perspiciatis cumque debitis.', 4, 73, '2017-03-03 20:29:53', '2017-03-03 20:29:53', NULL),
(212, 'Error recusandae illo recusandae magni. Ea quisquam quod illo dolorem nihil velit. Veritatis dolorem et quibusdam adipisci.', 1, 33, '2017-03-03 20:29:53', '2017-03-03 20:29:53', NULL),
(213, 'Quidem veritatis sed dolores sequi a. Similique autem omnis qui veritatis tempore est consequuntur. Aut dolores est quia earum dolorem doloremque. Alias quia labore necessitatibus molestias.', 5, 115, '2017-03-03 20:29:53', '2017-03-03 20:29:53', NULL),
(214, 'Nam eos sit occaecati rerum. Veniam qui et numquam. Nam quia autem est non quas. Vero et accusamus earum qui. In aut id eveniet soluta velit sint modi ipsam.', 2, 183, '2017-03-03 20:29:53', '2017-03-03 20:29:53', NULL),
(215, 'Dolore sit autem non repudiandae quis omnis ducimus. Ex beatae officiis ut ducimus numquam labore. Et tempore beatae a. In consectetur ut velit odio corporis dolor.', 4, 136, '2017-03-03 20:29:53', '2017-03-03 20:29:53', NULL),
(216, 'Consequatur perferendis nihil et vel eaque suscipit corrupti. Et vel quos doloribus corrupti pariatur facere. Debitis dolore a ut nihil veritatis eveniet.', 4, 113, '2017-03-03 20:29:53', '2017-03-03 20:29:53', NULL),
(217, 'Placeat error non autem veritatis est. Veritatis enim molestiae fugit quo culpa voluptas veniam. Aliquam qui id eveniet odio non eaque numquam.', 2, 6, '2017-03-03 20:29:53', '2017-03-03 20:29:53', NULL),
(218, 'Consectetur qui necessitatibus maiores accusantium odio at. Unde quo voluptatem quas optio a molestias qui eius. Illum sit provident qui aut.', 4, 195, '2017-03-03 20:29:53', '2017-03-03 20:29:53', NULL),
(219, 'Adipisci eum voluptatem ipsam incidunt. Accusantium dolorem esse eaque debitis voluptate sit unde. Unde iste ad vero nam eum et. Ea et perferendis ipsum et. Fugit voluptatem est dolor rerum sed nisi.', 3, 65, '2017-03-03 20:29:53', '2017-03-03 20:29:53', NULL),
(220, 'Quasi ut illum nisi nemo aut. Illum eum facilis voluptas et. Sequi est accusamus quis voluptatibus nisi. Qui illo inventore quia consequuntur est consequatur aut.', 3, 139, '2017-03-03 20:29:53', '2017-03-03 20:29:53', NULL),
(221, 'Aut quis voluptas deserunt cumque. Ipsa porro nobis aut et adipisci praesentium repudiandae error. Veniam et qui quas. Est asperiores quod ad sit recusandae rem accusamus.', 5, 180, '2017-03-03 20:29:53', '2017-03-03 20:29:53', NULL),
(222, 'Debitis officiis sequi minima. Repellat et non vel veritatis exercitationem error laudantium. Consectetur aliquid libero eius vero.', 2, 74, '2017-03-03 20:29:53', '2017-03-03 20:29:53', NULL),
(223, 'In aut necessitatibus repellat. Voluptatem quo dicta sunt laudantium iste. Fuga nostrum consequatur libero quos eos et. Et ratione modi veritatis suscipit ut totam qui.', 4, 136, '2017-03-03 20:29:53', '2017-03-03 20:29:53', NULL),
(224, 'Provident quas nam deleniti aut corporis porro earum facilis. Rerum fugiat assumenda veritatis non omnis quo animi. Est et ut et quis repellendus.', 4, 108, '2017-03-03 20:29:53', '2017-03-03 20:29:53', NULL),
(225, 'Ratione minima ea ea corrupti consequuntur minus doloribus. Natus quod soluta consequatur. Debitis quia mollitia eos provident. Vel eveniet ut et consequuntur.', 5, 93, '2017-03-03 20:29:53', '2017-03-03 20:29:53', NULL),
(226, 'Ea corporis ea repellat dolores similique qui sunt. Eius numquam nemo non ullam incidunt.', 1, 7, '2017-03-03 20:29:53', '2017-03-03 20:29:53', NULL),
(227, 'At fugiat dolorem quia voluptates fuga non maiores. Sequi deleniti cumque et omnis non. Reprehenderit assumenda mollitia quia asperiores sunt rem eos. Aut quis ad quam saepe.', 2, 160, '2017-03-03 20:29:53', '2017-03-03 20:29:53', NULL),
(228, 'Totam veritatis quam quod in aut quibusdam. Dolores fugit sed consequuntur nihil perspiciatis quo totam natus. Est molestiae at vel nostrum corporis voluptas et.', 4, 113, '2017-03-03 20:29:53', '2017-03-03 20:29:53', NULL),
(229, 'Atque reiciendis nam nisi beatae cupiditate ipsa voluptas. Nihil ut sequi ea et in nesciunt. Expedita sunt qui dolores. Id qui fugiat et est officiis ut et.', 3, 192, '2017-03-03 20:29:53', '2017-03-03 20:29:53', NULL);
INSERT INTO `reviews` (`id`, `textscore`, `score`, `author_id`, `created_at`, `updated_at`, `deleted_at`) VALUES
(230, 'Quo voluptas et deleniti quo eum impedit. Officia enim autem atque sit quaerat. Similique nam aut optio et. Eaque nobis id nam accusamus iure.', 5, 126, '2017-03-03 20:29:53', '2017-03-03 20:29:53', NULL),
(231, 'Et blanditiis et est praesentium et. Impedit dicta veritatis consequatur est est ratione dolores. Est voluptas vero provident saepe.', 2, 33, '2017-03-03 20:29:53', '2017-03-03 20:29:53', NULL),
(232, 'Ut ad iusto eum velit consectetur rerum. Laboriosam similique pariatur sunt eum sint consequatur ratione.', 2, 197, '2017-03-03 20:29:53', '2017-03-03 20:29:53', NULL),
(233, 'Esse non hic et similique optio. Ut porro voluptatem et qui. Sapiente sit rem voluptatem possimus. Adipisci itaque et natus.', 1, 45, '2017-03-03 20:29:53', '2017-03-03 20:29:53', NULL),
(234, 'Saepe quia assumenda aperiam id. Dolorem suscipit veniam expedita temporibus eligendi. Enim possimus sed dolor molestiae dolorum. Odio rem necessitatibus officia qui.', 5, 146, '2017-03-03 20:29:53', '2017-03-03 20:29:53', NULL),
(235, 'Et doloremque quia quaerat quod voluptatem illum. Quia facere ducimus labore quasi. Est corporis molestias vitae perferendis libero ratione.', 5, 115, '2017-03-03 20:29:53', '2017-03-03 20:29:53', NULL),
(236, 'Enim cumque commodi veritatis optio est. Fugit debitis quibusdam atque enim et dolores. Est cumque explicabo alias omnis non sed quo. Sed non voluptatem totam rerum.', 3, 164, '2017-03-03 20:29:53', '2017-03-03 20:29:53', NULL),
(237, 'Deserunt qui et pariatur accusamus quis ipsam. Aperiam molestias nobis consectetur incidunt deleniti quos. Inventore eius eum ut vel fuga iste id incidunt. Commodi eos est et qui et consectetur.', 3, 196, '2017-03-03 20:29:53', '2017-03-03 20:29:53', NULL),
(238, 'Sint aut cum quia deleniti consectetur et. Numquam et sint dolorem quas. Aut iusto omnis voluptas porro ipsum soluta possimus. Et ipsa minus consequuntur consequatur omnis pariatur veritatis.', 4, 163, '2017-03-03 20:29:53', '2017-03-03 20:29:53', NULL),
(239, 'Consectetur quo repellendus vitae necessitatibus. Repudiandae enim et ducimus omnis. Sed ut atque repellat vitae porro. Occaecati molestiae omnis saepe ut incidunt fugit.', 1, 30, '2017-03-03 20:29:53', '2017-03-03 20:29:53', NULL),
(240, 'Nisi ducimus ipsum quas voluptatem assumenda. Unde facilis alias qui voluptatem tempora in. Qui voluptates hic voluptatem omnis incidunt sapiente. Sunt enim asperiores autem quae eum.', 1, 85, '2017-03-03 20:29:53', '2017-03-03 20:29:53', NULL),
(241, 'Minima sed rerum eligendi. Quaerat iusto dignissimos sit ut neque quae. Voluptas nobis eveniet quis nesciunt aut culpa ipsa provident. Voluptatem eum veniam dolorum qui quis voluptatem.', 5, 139, '2017-03-03 20:29:53', '2017-03-03 20:29:53', NULL),
(242, 'Enim soluta aut cumque placeat sed. Aut aliquid magnam suscipit voluptatibus unde. Consequatur impedit modi omnis enim.\nNisi aut hic laborum quidem officiis. Quo repudiandae voluptas et voluptate.', 1, 200, '2017-03-03 20:29:53', '2017-03-03 20:29:53', NULL),
(243, 'Consequuntur fugiat occaecati molestiae quas facilis consequatur voluptatem. Nihil omnis cumque odio aut. Ut neque nostrum aspernatur velit harum ut.', 2, 71, '2017-03-03 20:29:53', '2017-03-03 20:29:53', NULL),
(244, 'Rerum autem dolorem dignissimos vel et dolores. Expedita praesentium ipsa et est. Vero delectus in et dolor unde expedita et.', 2, 144, '2017-03-03 20:29:53', '2017-03-03 20:29:53', NULL),
(245, 'A labore omnis ut nobis soluta. Dignissimos nemo ut necessitatibus. Accusamus tempore illo quo quia cumque iusto. Quam non ab officia enim aut vel aliquid aliquam.', 4, 11, '2017-03-03 20:29:53', '2017-03-03 20:29:53', NULL),
(246, 'Esse quia sint omnis. Ea quia numquam officiis omnis temporibus aperiam possimus. Dolore incidunt ea eos officiis soluta voluptatibus est. Sunt dolorum qui et aperiam atque.', 4, 157, '2017-03-03 20:29:53', '2017-03-03 20:29:53', NULL),
(247, 'Porro hic id doloremque aliquam. Quas consequuntur possimus velit deleniti eum. Et commodi quos animi. Esse placeat aut ad aut et voluptatem et saepe.', 3, 18, '2017-03-03 20:29:53', '2017-03-03 20:29:53', NULL),
(248, 'Deserunt ipsum dignissimos facilis aut excepturi qui. Dolorum hic consequuntur quis et. Tempora nesciunt aut cum veniam. Quis nobis nihil doloremque distinctio quia.', 3, 78, '2017-03-03 20:29:53', '2017-03-03 20:29:53', NULL),
(249, 'Quam quasi et laudantium. Et et et dolor rerum ipsam quaerat. Et commodi facilis non et quisquam.', 1, 200, '2017-03-03 20:29:53', '2017-03-03 20:29:53', NULL),
(250, 'Quisquam molestiae iste ratione aut ex voluptates saepe. Deserunt vel architecto corrupti tenetur in exercitationem. Eum consequatur quidem iste magni necessitatibus.', 2, 139, '2017-03-03 20:29:53', '2017-03-03 20:29:53', NULL),
(251, 'Quidem aperiam non velit aliquid dolor. Rerum perspiciatis ex nesciunt cumque unde maxime. Provident autem magni officia voluptatem. Est dolor repellendus et distinctio in.', 1, 97, '2017-03-03 20:29:53', '2017-03-03 20:29:53', NULL),
(252, 'Ut eligendi voluptatem qui sint atque. A nihil aut odit harum quisquam earum nostrum. Aut quia delectus libero quae qui nobis enim.', 3, 117, '2017-03-03 20:29:53', '2017-03-03 20:29:53', NULL),
(253, 'Nam autem sed et occaecati sit corporis rerum eius. Et necessitatibus at voluptates dolor modi vitae eos. Asperiores et quas hic.', 1, 48, '2017-03-03 20:29:53', '2017-03-03 20:29:53', NULL),
(254, 'Qui provident vitae nobis. Error nobis cum commodi iusto dignissimos vitae. Repudiandae quia odit inventore dicta praesentium quia quis.', 5, 31, '2017-03-03 20:29:53', '2017-03-03 20:29:53', NULL),
(255, 'Amet tempora est sunt qui qui. Maxime unde laborum quos alias. Temporibus dolores tenetur exercitationem odit ad molestiae.', 2, 16, '2017-03-03 20:29:53', '2017-03-03 20:29:53', NULL),
(256, 'Aut laborum dolore molestiae nihil adipisci voluptatem. Earum cumque aut iusto ipsa quae ipsam. Vitae neque nisi facilis ducimus ut. Animi ab eum porro suscipit consectetur voluptate occaecati.', 2, 186, '2017-03-03 20:29:53', '2017-03-03 20:29:53', NULL),
(257, 'Beatae tenetur repellendus sunt architecto aliquam eligendi in. Voluptatum est et reiciendis id fugit eos. Cupiditate eveniet ea quos aut culpa.', 1, 169, '2017-03-03 20:29:53', '2017-03-03 20:29:53', NULL),
(258, 'Est ipsam repellat deleniti excepturi et. Perferendis consequatur ut est laudantium omnis quia reiciendis voluptas.', 3, 45, '2017-03-03 20:29:53', '2017-03-03 20:29:53', NULL),
(259, 'Sunt odit numquam porro et facere. Adipisci aspernatur ea et et eaque et. Explicabo illo nobis reprehenderit. Officia hic harum ut rem in.', 2, 167, '2017-03-03 20:29:53', '2017-03-03 20:29:53', NULL),
(260, 'Et hic eius culpa quisquam quia. Tempore in eum dolores blanditiis. Aut similique quo explicabo nam quas asperiores. Maxime totam ad odit rerum doloremque.', 1, 92, '2017-03-03 20:29:53', '2017-03-03 20:29:53', NULL),
(261, 'Nam ut eum repellat et molestias est rem. Illo temporibus esse deserunt inventore.', 2, 43, '2017-03-03 20:29:53', '2017-03-03 20:29:53', NULL),
(262, 'Iusto est ipsum iure aut eveniet natus quo. Quia ut eligendi omnis id. Et non doloribus aperiam et. Quo aliquam magnam voluptatem autem qui adipisci optio.', 5, 175, '2017-03-03 20:29:53', '2017-03-03 20:29:53', NULL),
(263, 'Minus qui similique quia repellendus dolor dolorum laborum ducimus. Eius sed ut et adipisci unde molestiae. Maxime quia sit debitis dolores hic beatae sit. Neque et commodi accusantium numquam.', 1, 116, '2017-03-03 20:29:53', '2017-03-03 20:29:53', NULL),
(264, 'Facilis beatae optio in facere beatae. Eius tempore itaque et atque ut. Fugiat assumenda optio placeat numquam voluptas et atque.', 2, 21, '2017-03-03 20:29:53', '2017-03-03 20:29:53', NULL),
(265, 'Eum impedit aspernatur mollitia molestiae et. Sint est quis veritatis.', 3, 1, '2017-03-03 20:29:53', '2017-03-03 20:29:53', NULL),
(266, 'Nesciunt expedita quae voluptatibus magni consequatur facere quibusdam. Velit sit blanditiis ut ut et sint et.', 5, 122, '2017-03-03 20:29:53', '2017-03-03 20:29:53', NULL),
(267, 'Sed ad aspernatur perspiciatis sapiente et accusantium. Aliquid ut deserunt nisi reprehenderit sequi ut laborum. Ut et tempore adipisci qui id.', 1, 86, '2017-03-03 20:29:53', '2017-03-03 20:29:53', NULL),
(268, 'Unde veritatis qui dolore eaque. Qui consequatur ab porro dolor cumque. Ducimus quia molestiae quo necessitatibus.', 2, 168, '2017-03-03 20:29:53', '2017-03-03 20:29:53', NULL),
(269, 'Voluptatibus eius praesentium ut rerum voluptate. Aliquid earum maxime vero molestiae nobis iusto possimus.', 3, 46, '2017-03-03 20:29:53', '2017-03-03 20:29:53', NULL),
(270, 'Dolore sint facilis illum eveniet odit soluta cum est. Harum libero officiis veritatis est.\nFacilis rerum ea voluptatum est qui voluptate. Vel sed aut reiciendis consequatur atque.', 1, 95, '2017-03-03 20:29:53', '2017-03-03 20:29:53', NULL),
(271, 'Totam qui et in sed. Nulla dolores enim et minus. Odio accusantium aut laboriosam nemo esse rerum.', 2, 177, '2017-03-03 20:29:53', '2017-03-03 20:29:53', NULL),
(272, 'Nemo quae alias minus aspernatur. Maxime iste est non reprehenderit rerum ullam aut. Ut ut animi ullam nulla aliquid.', 3, 127, '2017-03-03 20:29:53', '2017-03-03 20:29:53', NULL),
(273, 'Cupiditate quam et qui labore sit voluptatem corrupti dignissimos. Enim sit nostrum vero dolor. Totam vero natus sint sapiente debitis. Soluta nobis esse doloremque aut aperiam ratione.', 4, 101, '2017-03-03 20:29:53', '2017-03-03 20:29:53', NULL),
(274, 'Quos nulla molestiae aut ratione cupiditate quia. Placeat dolorem enim ut illo. Qui fugiat ea reiciendis doloremque et id dignissimos. Aut deserunt sed unde expedita.', 3, 141, '2017-03-03 20:29:53', '2017-03-03 20:29:53', NULL),
(275, 'Natus eos qui dicta est velit. Et omnis voluptas quia. Aut quod aut dolor blanditiis nulla illum ad sint.', 2, 172, '2017-03-03 20:29:53', '2017-03-03 20:29:53', NULL),
(276, 'Et voluptatem quis earum eum commodi non molestias. Beatae sed et qui odio aut rerum aliquid. Nulla eveniet itaque vero similique optio occaecati aliquam.', 1, 167, '2017-03-03 20:29:53', '2017-03-03 20:29:53', NULL),
(277, 'Ut ex deleniti et aut. Id optio a tempore aperiam consequatur voluptatem quis perferendis. Consequatur quasi quo aut at.', 3, 154, '2017-03-03 20:29:53', '2017-03-03 20:29:53', NULL),
(278, 'Quis laboriosam delectus quisquam architecto. Voluptatem qui tempore quae modi ipsa porro sequi. Qui assumenda ipsum et similique consequatur porro magni sint.', 1, 48, '2017-03-03 20:29:53', '2017-03-03 20:29:53', NULL),
(279, 'Asperiores et autem dolorum aut commodi nobis culpa. Ullam libero placeat molestias voluptatum accusamus ut omnis. Sit distinctio expedita suscipit deleniti dicta illum quaerat rerum.', 5, 199, '2017-03-03 20:29:53', '2017-03-03 20:29:53', NULL),
(280, 'Sed maxime dolorem expedita officia enim nisi saepe. Est rem fugiat alias consequatur iste facilis ipsam. Cumque numquam amet quas in odit quod.', 5, 72, '2017-03-03 20:29:53', '2017-03-03 20:29:53', NULL),
(281, 'Iure cupiditate totam et harum eos quia. Saepe hic dolor architecto autem sint. Eaque vel enim est. Nihil esse voluptates rerum sed distinctio voluptas.', 2, 165, '2017-03-03 20:29:53', '2017-03-03 20:29:53', NULL),
(282, 'Deleniti qui commodi atque quia voluptates. Mollitia sapiente sit cupiditate. Sint fuga nisi odit id excepturi maxime doloremque possimus.', 5, 145, '2017-03-03 20:29:53', '2017-03-03 20:29:53', NULL),
(283, 'Quaerat officia odio aut praesentium sed. Maiores error cum consequatur doloribus. Laboriosam qui omnis voluptatem eveniet ut quod non eligendi. Sequi modi maiores quae eius.', 3, 165, '2017-03-03 20:29:53', '2017-03-03 20:29:53', NULL),
(284, 'Blanditiis quidem natus perspiciatis. At deleniti vero aut aut est.', 1, 171, '2017-03-03 20:29:53', '2017-03-03 20:29:53', NULL),
(285, 'Dicta ipsum consequuntur cumque et velit rem. Aperiam et labore ut officia consectetur voluptas. Sit fuga quia qui veritatis. Earum aut ut voluptatibus iure exercitationem.', 2, 99, '2017-03-03 20:29:53', '2017-03-03 20:29:53', NULL),
(286, 'Soluta error doloremque ipsum iusto iure. A et nesciunt qui ea voluptatem. Facilis aut optio dolor adipisci architecto animi non mollitia.', 1, 48, '2017-03-03 20:29:53', '2017-03-03 20:29:53', NULL),
(287, 'Ab quidem dolores ut non accusantium maiores. Perspiciatis qui ut quis dolores aut inventore placeat consequatur.', 2, 107, '2017-03-03 20:29:53', '2017-03-03 20:29:53', NULL),
(288, 'Deserunt dolore voluptatum iusto commodi vero. Quia eaque perspiciatis est nesciunt soluta. Fugiat enim itaque quia autem saepe. Eos omnis praesentium molestiae ea.', 3, 182, '2017-03-03 20:29:53', '2017-03-03 20:29:53', NULL),
(289, 'Porro quibusdam quis sint ullam in minima in. Numquam a facere est fugit laudantium. Qui maxime sint maiores mollitia reiciendis culpa rerum.', 4, 76, '2017-03-03 20:29:53', '2017-03-03 20:29:53', NULL),
(290, 'Quo est sed officiis vero. Qui ut excepturi nemo expedita quam. Nemo sit nemo molestiae quisquam aut ea.', 2, 156, '2017-03-03 20:29:53', '2017-03-03 20:29:53', NULL),
(291, 'Neque voluptas vero sit qui iusto fuga non reprehenderit. Architecto sed maxime officiis iusto.', 3, 174, '2017-03-03 20:29:53', '2017-03-03 20:29:53', NULL),
(292, 'Quae incidunt rerum adipisci aspernatur praesentium totam. Consequatur doloremque facilis enim exercitationem quidem qui.', 5, 35, '2017-03-03 20:29:53', '2017-03-03 20:29:53', NULL),
(293, 'Minus excepturi consequatur rem. Dolorem sint ut doloribus ut consequatur. Optio eveniet ut mollitia et tempore culpa doloremque. Illo et voluptatibus repellendus.', 2, 49, '2017-03-03 20:29:53', '2017-03-03 20:29:53', NULL),
(294, 'Aspernatur qui nostrum est aut aut dolor. Sed nesciunt ut ratione eos.', 3, 148, '2017-03-03 20:29:53', '2017-03-03 20:29:53', NULL),
(295, 'Et ratione reiciendis et labore est incidunt. Enim eius provident asperiores voluptatem voluptates natus pariatur. Voluptatum ipsum quo distinctio. Temporibus minus voluptatem enim beatae fugiat sit.', 1, 183, '2017-03-03 20:29:53', '2017-03-03 20:29:53', NULL),
(296, 'Eligendi ex culpa qui. In aut atque qui ut aut temporibus quis. Dolorum minus eos animi voluptate ut. Nulla dignissimos et perferendis.', 5, 161, '2017-03-03 20:29:53', '2017-03-03 20:29:53', NULL),
(297, 'Aut placeat nesciunt velit praesentium et vitae. Quam officiis consequatur vel.', 1, 110, '2017-03-03 20:29:53', '2017-03-03 20:29:53', NULL),
(298, 'Sit consequatur accusamus error molestiae mollitia qui. Est optio odit et illo. Quo voluptatem voluptatem minus quia. Asperiores distinctio omnis earum exercitationem dolores dicta.', 1, 70, '2017-03-03 20:29:53', '2017-03-03 20:29:53', NULL),
(299, 'Hic dolorem sapiente quisquam cumque qui. Odio quo quaerat minus voluptas autem veritatis. Aut reiciendis enim cumque ullam at et at.', 4, 1, '2017-03-03 20:29:53', '2017-03-03 20:29:53', NULL),
(300, 'Qui voluptas numquam et sed enim. Ad minima quis est voluptates eveniet. Vitae mollitia maiores itaque. Et dolore dolores provident est excepturi. Vitae nam deserunt nostrum commodi eum.', 2, 50, '2017-03-03 20:29:53', '2017-03-03 20:29:53', NULL),
(301, 'Et neque officia deleniti esse ut rerum officia. Fugiat blanditiis deserunt omnis nobis consequuntur. Qui fuga maiores minima consequatur ducimus non. Hic dicta reprehenderit saepe consequatur quasi.', 1, 91, '2017-03-03 20:29:53', '2017-03-03 20:29:53', NULL),
(302, 'Quis temporibus fugiat possimus distinctio libero vel. Aut culpa fugit excepturi autem dolores totam. Natus unde quae sint qui vero. Facere consequatur voluptatem consequuntur omnis.', 2, 44, '2017-03-03 20:29:53', '2017-03-03 20:29:53', NULL),
(303, 'Tempore asperiores est neque est aspernatur odio ea. Cum tempora voluptatem consequatur suscipit doloribus optio sit a. Quo quis quisquam fuga rerum.', 4, 62, '2017-03-03 20:29:53', '2017-03-03 20:29:53', NULL),
(304, 'Ut fugiat libero sunt repellat. Aut occaecati quae qui enim quam qui. Voluptate nemo vero est perspiciatis aut magni. Labore quo rerum eveniet sapiente ducimus nemo excepturi cupiditate.', 3, 151, '2017-03-03 20:29:53', '2017-03-03 20:29:53', NULL),
(305, 'Magni nemo excepturi rerum aut aut. Dicta sit excepturi quas ut. Delectus qui nulla dolorum. Sit est in velit.', 2, 81, '2017-03-03 20:29:53', '2017-03-03 20:29:53', NULL),
(306, 'Harum quos quis molestias libero et. Id pariatur quia ipsa rerum dicta. Amet culpa dolore perferendis beatae distinctio voluptatem. Omnis ab commodi enim saepe iste sit et.', 4, 107, '2017-03-03 20:29:53', '2017-03-03 20:29:53', NULL),
(307, 'Alias eos possimus rem qui. Aut voluptate excepturi possimus porro nostrum facere officia. Sequi vero saepe modi dolores ipsa quod ea aut.', 2, 61, '2017-03-03 20:29:53', '2017-03-03 20:29:53', NULL),
(308, 'Dicta itaque dolores exercitationem alias sed. Eum sint deleniti ea sint reprehenderit. Voluptas cumque exercitationem autem iusto.', 4, 31, '2017-03-03 20:29:53', '2017-03-03 20:29:53', NULL),
(309, 'Est in qui impedit eos. Aliquid et dolor doloremque repellendus.', 3, 166, '2017-03-03 20:29:53', '2017-03-03 20:29:53', NULL),
(310, 'Distinctio incidunt nihil harum. Consequuntur dolor voluptate ut. Laboriosam beatae non ut sed.\nRem vel aut mollitia enim doloremque et aut. Qui qui harum voluptas unde quia dignissimos cum.', 2, 36, '2017-03-03 20:29:53', '2017-03-03 20:29:53', NULL),
(311, 'Quidem alias eum nisi qui. Facilis blanditiis et reiciendis voluptas ipsa nihil dicta. Aspernatur omnis sunt architecto cumque nihil.', 4, 25, '2017-03-03 20:29:53', '2017-03-03 20:29:53', NULL),
(312, 'Laudantium aut minus quo alias nostrum. Veritatis non reiciendis quos sunt quidem illum. Ipsam autem asperiores voluptatem voluptates.', 1, 111, '2017-03-03 20:29:53', '2017-03-03 20:29:53', NULL),
(313, 'Esse perspiciatis officiis pariatur. Nulla asperiores rerum et at necessitatibus. Facilis animi eum expedita.', 4, 191, '2017-03-03 20:29:53', '2017-03-03 20:29:53', NULL),
(314, 'Et saepe non quisquam voluptatem et at quae. Vitae accusamus veritatis ut velit sit. Qui corrupti libero dolor architecto vitae veritatis. Voluptas sit et ut blanditiis itaque tempora enim.', 3, 47, '2017-03-03 20:29:53', '2017-03-03 20:29:53', NULL),
(315, 'Repellat quis mollitia numquam aliquid id sit ex. Quia voluptate libero nostrum totam ratione sit ex praesentium. Eveniet quas optio rerum quidem nihil pariatur beatae nesciunt.', 3, 48, '2017-03-03 20:29:53', '2017-03-03 20:29:53', NULL),
(316, 'Et quae cumque esse autem illum vero. Sunt impedit error ut eveniet. Aut quasi iure molestias molestias officia sit laboriosam. Facilis voluptatem et repudiandae non sint.', 4, 90, '2017-03-03 20:29:53', '2017-03-03 20:29:53', NULL),
(317, 'Non eius occaecati asperiores animi dicta dolores. Sunt accusantium maiores itaque velit reprehenderit nemo. Voluptas ducimus rerum quasi doloribus culpa pariatur.', 2, 172, '2017-03-03 20:29:53', '2017-03-03 20:29:53', NULL),
(318, 'Corporis corrupti quasi at est aliquam. Quibusdam et quia voluptas corrupti blanditiis. Beatae aut similique accusamus distinctio est delectus est.', 3, 153, '2017-03-03 20:29:53', '2017-03-03 20:29:53', NULL),
(319, 'Laudantium porro autem quasi est temporibus. Illo ducimus quo qui asperiores harum. Dolorem commodi ut assumenda architecto. Quasi quod nobis ut eaque dignissimos maiores.', 2, 133, '2017-03-03 20:29:53', '2017-03-03 20:29:53', NULL),
(320, 'Earum et voluptates ullam ad cupiditate. Voluptatibus cupiditate minima architecto rerum dolore. Laboriosam quam et reprehenderit.', 5, 100, '2017-03-03 20:29:53', '2017-03-03 20:29:53', NULL),
(321, 'Modi omnis nulla totam officiis nesciunt quaerat quis. Eos excepturi ut optio ut saepe. Debitis non minima quia.', 3, 27, '2017-03-03 20:29:53', '2017-03-03 20:29:53', NULL),
(322, 'Voluptatem corporis accusamus rerum eum. Omnis occaecati est voluptates. Consequuntur illum totam saepe quis minus modi. Recusandae eaque autem corporis sit et.', 4, 54, '2017-03-03 20:29:53', '2017-03-03 20:29:53', NULL),
(323, 'Aliquid architecto quia tenetur ullam nisi omnis. Neque repellendus voluptate voluptas quisquam deleniti. Voluptate veritatis et aliquam aut. Soluta vel tempora magnam qui incidunt corporis.', 4, 136, '2017-03-03 20:29:53', '2017-03-03 20:29:53', NULL),
(324, 'Assumenda vero explicabo aut sint. Nisi est ut recusandae ullam laborum quis unde. Nemo ut consequuntur ut commodi quia sit.', 2, 115, '2017-03-03 20:29:53', '2017-03-03 20:29:53', NULL),
(325, 'Sunt eligendi doloribus sed sint. Delectus natus accusantium adipisci aut. Qui dolorum quos quibusdam ea impedit nostrum architecto. Fugiat nemo totam repellat unde inventore eum.', 4, 199, '2017-03-03 20:29:53', '2017-03-03 20:29:53', NULL),
(326, 'Maxime ut impedit tenetur nam. Dolores quia quos praesentium. Provident quo rerum sit tempore. Aliquam vel nihil aliquid et dolorem eos.', 1, 84, '2017-03-03 20:29:53', '2017-03-03 20:29:53', NULL),
(327, 'Reprehenderit ducimus ut aut eveniet cumque accusantium perferendis. A doloribus blanditiis ut. Eum eos et et.', 5, 58, '2017-03-03 20:29:53', '2017-03-03 20:29:53', NULL),
(328, 'Quos error quia assumenda delectus. Sed ullam laboriosam ab quidem vitae ut eveniet saepe. Voluptatem labore eius eaque veniam et reiciendis dolor.', 4, 105, '2017-03-03 20:29:53', '2017-03-03 20:29:53', NULL),
(329, 'Rerum atque atque asperiores eos sed saepe. Aut et in labore iusto et. Sunt reiciendis sed mollitia explicabo.', 2, 144, '2017-03-03 20:29:53', '2017-03-03 20:29:53', NULL),
(330, 'Laborum perferendis commodi sit dolor. Alias aut est quia aliquam. Tempora aut temporibus in in doloremque aut.', 4, 44, '2017-03-03 20:29:53', '2017-03-03 20:29:53', NULL),
(331, 'Ipsa rerum sed provident hic. Ullam ratione ut dolores sint. Laborum dignissimos sed dolore.', 5, 145, '2017-03-03 20:29:53', '2017-03-03 20:29:53', NULL),
(332, 'Eaque quas aut beatae eaque consequatur est molestiae. Sint maiores velit sed voluptatem voluptatum. Ut provident animi sed provident. Sit est laboriosam et facere omnis ut quos nulla.', 2, 63, '2017-03-03 20:29:53', '2017-03-03 20:29:53', NULL),
(333, 'Consectetur accusamus vitae qui animi hic officia repellendus. Odio optio perferendis voluptas veritatis. Dignissimos possimus quod fugiat accusamus suscipit distinctio nobis.', 5, 33, '2017-03-03 20:29:53', '2017-03-03 20:29:53', NULL),
(334, 'Aut iste voluptates voluptatem. Quia minima tenetur aut cum.', 5, 103, '2017-03-03 20:29:53', '2017-03-03 20:29:53', NULL),
(335, 'Adipisci et qui ducimus repellat pariatur sed. Iusto aut quam sunt enim.\nLaboriosam et nihil doloribus quis vitae quos quo. Atque vitae nobis et odio atque et sit.', 3, 121, '2017-03-03 20:29:53', '2017-03-03 20:29:53', NULL),
(336, 'Possimus vitae voluptatem sit eveniet illo. Quam blanditiis necessitatibus est dolorum et et. Tenetur quis eius aut harum aperiam.', 1, 109, '2017-03-03 20:29:53', '2017-03-03 20:29:53', NULL),
(337, 'Tempora possimus eos voluptatem inventore magnam sit. Omnis aut qui ut fugiat omnis sunt.', 5, 30, '2017-03-03 20:29:53', '2017-03-03 20:29:53', NULL),
(338, 'Amet maiores voluptatem expedita labore. Provident facilis nulla ducimus aut ut quidem. Quisquam illo sit excepturi esse maxime hic debitis.', 1, 197, '2017-03-03 20:29:53', '2017-03-03 20:29:53', NULL),
(339, 'Atque rem cum in et. Sapiente cum sit et saepe dolores. Aliquam est animi vitae exercitationem ut. Ea omnis enim placeat. Est non sed dignissimos.', 3, 99, '2017-03-03 20:29:53', '2017-03-03 20:29:53', NULL),
(340, 'Sapiente est rerum quae eos. Suscipit sed accusamus nemo et dolorem. Voluptatem occaecati incidunt consectetur commodi voluptate. Molestiae voluptatem voluptatum rem placeat voluptate sint et.', 1, 112, '2017-03-03 20:29:53', '2017-03-03 20:29:53', NULL),
(341, 'Excepturi dolorum nihil voluptas enim eius expedita. Est nihil sed non qui aut.\nQuo ut ut quibusdam voluptatem. Sunt id ratione voluptas est. Repellendus pariatur voluptas et dolore deserunt sit.', 5, 166, '2017-03-03 20:29:53', '2017-03-03 20:29:53', NULL),
(342, 'Suscipit aperiam minima reprehenderit laudantium est aut. Qui quis quaerat iure quia aut corporis. Eum vero voluptatem quia ad reiciendis. Aut libero eos reprehenderit.', 4, 162, '2017-03-03 20:29:53', '2017-03-03 20:29:53', NULL),
(343, 'Architecto quia dolores eligendi ut voluptatem. Dolorem nihil autem odit et minus quis. Facilis accusantium tenetur rerum numquam saepe odit.', 2, 136, '2017-03-03 20:29:53', '2017-03-03 20:29:53', NULL),
(344, 'Nihil nam voluptatem et qui voluptatem quae voluptatem. Officia ducimus eligendi quasi laudantium.', 3, 61, '2017-03-03 20:29:53', '2017-03-03 20:29:53', NULL),
(345, 'Excepturi quaerat dolorem sint voluptatem voluptatem. Quis recusandae sit enim molestiae impedit. Occaecati qui cum quod. Atque repellendus asperiores sed modi dicta qui.', 1, 124, '2017-03-03 20:29:53', '2017-03-03 20:29:53', NULL),
(346, 'Tempora tempora sit animi temporibus dicta libero sint. Quia dolorum neque non iste voluptatibus. Dignissimos velit qui qui nihil non ipsam. Dolorem accusantium dignissimos ad.', 5, 22, '2017-03-03 20:29:53', '2017-03-03 20:29:53', NULL),
(347, 'Aut reiciendis vel deleniti ducimus neque. Non repellat qui voluptatum accusantium. Nam voluptatem similique et ut repudiandae autem. Incidunt fugiat nemo et non eum eos consequatur quos.', 3, 86, '2017-03-03 20:29:53', '2017-03-03 20:29:53', NULL),
(348, 'Molestiae ut ut et consequatur exercitationem est. Voluptas beatae ut porro amet. Architecto soluta deserunt non magni autem reiciendis illum.', 5, 18, '2017-03-03 20:29:53', '2017-03-03 20:29:53', NULL),
(349, 'Veritatis quidem aut enim dolore ipsa quia. Doloremque voluptas voluptates libero occaecati.', 3, 50, '2017-03-03 20:29:53', '2017-03-03 20:29:53', NULL),
(350, 'Doloremque eos in dicta aperiam nemo magni molestias. Ut et esse ex officia ipsam. Nemo distinctio ullam voluptatibus architecto quo minima ducimus.', 1, 197, '2017-03-03 20:29:53', '2017-03-03 20:29:53', NULL),
(351, 'Consequatur expedita neque corrupti aut et. Quam ab et veniam. Adipisci aut distinctio vitae perspiciatis quod quaerat necessitatibus. Temporibus et magnam minus qui dolore.', 3, 37, '2017-03-03 20:29:53', '2017-03-03 20:29:53', NULL),
(352, 'Non labore voluptates repellendus neque omnis ex. Aliquid repellendus soluta possimus facere enim ut. Dolorum molestiae earum ut atque sed quia placeat.', 5, 185, '2017-03-03 20:29:53', '2017-03-03 20:29:53', NULL),
(353, 'Libero provident quia culpa. Voluptas laborum nulla explicabo necessitatibus est architecto ut eius. Vero autem dignissimos laborum fugiat. Unde magnam aperiam quibusdam unde corrupti.', 1, 167, '2017-03-03 20:29:53', '2017-03-03 20:29:53', NULL),
(354, 'Est nemo occaecati recusandae reiciendis aperiam. Tempora aut velit dolore enim. Accusamus quae mollitia consequatur. Consequuntur in vitae iusto non quo sunt expedita.', 4, 175, '2017-03-03 20:29:53', '2017-03-03 20:29:53', NULL),
(355, 'Consequatur ab sed modi velit rerum. Eius ut praesentium animi aut asperiores. Quo culpa placeat sequi consequatur blanditiis.', 4, 125, '2017-03-03 20:29:53', '2017-03-03 20:29:53', NULL),
(356, 'Molestiae est qui nulla maiores occaecati excepturi et debitis. Quos nisi odit magnam fugiat qui.', 4, 36, '2017-03-03 20:29:53', '2017-03-03 20:29:53', NULL),
(357, 'Quo ad autem nihil sequi repellat ratione. Vitae et autem porro ut fuga praesentium. Accusantium eum dolor ea ratione libero. Nobis necessitatibus quidem maiores quasi.', 5, 49, '2017-03-03 20:29:53', '2017-03-03 20:29:53', NULL),
(358, 'Eaque necessitatibus est ut enim autem dolorem. Aut sapiente nulla laboriosam quae dolore. Laboriosam et eveniet ea enim magni.', 1, 8, '2017-03-03 20:29:53', '2017-03-03 20:29:53', NULL),
(359, 'Rerum omnis sequi mollitia asperiores ipsum nam. Dolorem nihil qui error porro velit eos.', 5, 156, '2017-03-03 20:29:53', '2017-03-03 20:29:53', NULL),
(360, 'Totam ratione harum libero. Enim nobis explicabo omnis nobis autem ut. Dolor fuga ipsa ut. Consequuntur reprehenderit alias deleniti eos.', 1, 187, '2017-03-03 20:29:53', '2017-03-03 20:29:53', NULL),
(361, 'Et libero sint molestias tempora similique nam minus. Enim nisi qui iure quo libero. Dolorem et et in non eligendi.', 2, 33, '2017-03-03 20:29:53', '2017-03-03 20:29:53', NULL),
(362, 'Numquam nostrum iusto voluptas et est modi blanditiis. Laudantium excepturi et et commodi atque debitis. Velit deleniti amet provident.', 2, 199, '2017-03-03 20:29:53', '2017-03-03 20:29:53', NULL),
(363, 'Et dolore et doloribus. Incidunt excepturi minus doloremque et et iste. Quibusdam culpa est voluptatem provident sed. Ut omnis consequatur eaque sed eum ea. Ut dolorum qui explicabo velit.', 3, 34, '2017-03-03 20:29:53', '2017-03-03 20:29:53', NULL),
(364, 'Et ipsa blanditiis voluptatum molestiae. Ducimus sint dolores quia voluptatem. Optio rerum qui enim omnis maxime.', 1, 136, '2017-03-03 20:29:53', '2017-03-03 20:29:53', NULL),
(365, 'Excepturi enim blanditiis quas esse et. Hic velit consequatur possimus vel incidunt et. Consectetur voluptatem hic perspiciatis eveniet.', 5, 175, '2017-03-03 20:29:53', '2017-03-03 20:29:53', NULL),
(366, 'Nihil neque aut libero alias et illo. Occaecati voluptates animi labore quibusdam. Ut occaecati aut fugit cumque. Quia adipisci consequuntur ipsam tempore dignissimos est eveniet.', 3, 93, '2017-03-03 20:29:53', '2017-03-03 20:29:53', NULL),
(367, 'Qui nostrum neque quasi. Consequuntur qui maxime exercitationem ut. Non quis ad enim cumque aut tempore nihil.', 3, 11, '2017-03-03 20:29:53', '2017-03-03 20:29:53', NULL),
(368, 'Quia deserunt ut quo aut. Ut est consequuntur consequatur vel ex.', 2, 136, '2017-03-03 20:29:53', '2017-03-03 20:29:53', NULL),
(369, 'Dolorem eum pariatur optio et. Iusto iste quis iusto ea voluptas. Impedit omnis id sunt aliquid sapiente recusandae commodi qui. Placeat beatae nihil autem blanditiis.', 1, 50, '2017-03-03 20:29:53', '2017-03-03 20:29:53', NULL),
(370, 'Quia pariatur quaerat maiores vero ut fugiat quia qui. Consequuntur quam laudantium consequatur. Corporis quia officiis eaque quis consequuntur quo. Quo animi nostrum eos ipsam.', 4, 10, '2017-03-03 20:29:53', '2017-03-03 20:29:53', NULL),
(371, 'Sint iste impedit quos hic. Id omnis aut qui eligendi laborum vitae. Doloribus porro recusandae possimus nostrum. Est autem perferendis expedita vel ab.', 4, 159, '2017-03-03 20:29:53', '2017-03-03 20:29:53', NULL),
(372, 'Nobis dolor maiores sunt. Autem quasi ea unde nobis. Dolorem voluptas saepe molestiae sint. Qui quos et deserunt doloremque magni sequi distinctio.', 2, 179, '2017-03-03 20:29:53', '2017-03-03 20:29:53', NULL),
(373, 'Cum et eveniet alias saepe assumenda voluptatibus laboriosam. Modi ipsam vel perferendis adipisci explicabo et. Nihil architecto quo molestias sint doloremque reprehenderit distinctio.', 1, 81, '2017-03-03 20:29:53', '2017-03-03 20:29:53', NULL),
(374, 'Dolorem magnam eveniet provident minus temporibus non dolor natus. Voluptas sunt maxime commodi labore nisi. Voluptas laborum modi unde quo qui iusto recusandae.', 2, 35, '2017-03-03 20:29:53', '2017-03-03 20:29:53', NULL),
(375, 'Ea ad dolor aut debitis. Corrupti autem vero et est. Ducimus rerum est sed ducimus voluptatem placeat.', 4, 157, '2017-03-03 20:29:53', '2017-03-03 20:29:53', NULL),
(376, 'Nulla omnis et laboriosam ut velit. Vel est id autem praesentium.', 2, 83, '2017-03-03 20:29:53', '2017-03-03 20:29:53', NULL),
(377, 'Enim ipsum quis quis deserunt. Velit vel et est cupiditate incidunt magnam.', 2, 44, '2017-03-03 20:29:53', '2017-03-03 20:29:53', NULL),
(378, 'Autem quae facere culpa incidunt. Itaque temporibus odio molestias cum praesentium corporis. Laboriosam qui eos aperiam beatae voluptate. Mollitia illum et quos dolorum.', 2, 57, '2017-03-03 20:29:53', '2017-03-03 20:29:53', NULL),
(379, 'Culpa iste quia labore. Beatae minima nisi corrupti nostrum eos quia dignissimos. Labore dolor nihil magni et quibusdam non est qui. Sapiente molestiae quos qui vel dignissimos at ipsum.', 5, 127, '2017-03-03 20:29:53', '2017-03-03 20:29:53', NULL),
(380, 'Consequatur laboriosam qui aliquid rerum atque. Est voluptas nisi eos architecto excepturi. Tempora nesciunt molestias maiores rerum sed. Quo ipsum et aut aliquid et amet.', 5, 54, '2017-03-03 20:29:53', '2017-03-03 20:29:53', NULL),
(381, 'Ut dignissimos quam qui eos quas repellendus pariatur consequatur. Nesciunt perferendis vel accusantium vitae eveniet officiis consequatur. Eos enim doloribus iste.', 3, 122, '2017-03-03 20:29:53', '2017-03-03 20:29:53', NULL),
(382, 'Repellendus odit fugit autem earum nihil. Beatae dolores dolor quaerat sit qui. Rerum repudiandae delectus vel quos corrupti.', 3, 8, '2017-03-03 20:29:53', '2017-03-03 20:29:53', NULL),
(383, 'Voluptatem eum beatae voluptates sed et eum. Dolore consequatur sed quia illum et quia optio officia. Assumenda ullam ut error necessitatibus velit sed. Non unde sit deleniti quis veniam quos eum.', 3, 64, '2017-03-03 20:29:53', '2017-03-03 20:29:53', NULL),
(384, 'Numquam rem neque ut autem adipisci. Quidem perferendis iure non. Expedita qui dolor officia a. Sit qui id molestias nostrum vitae voluptate. Vero sed quo natus qui voluptatem in dolore quo.', 4, 70, '2017-03-03 20:29:53', '2017-03-03 20:29:53', NULL),
(385, 'Quia eius ex dolorem tempora neque debitis corporis earum. Et qui laudantium debitis excepturi. Et inventore doloremque voluptas illum distinctio accusantium natus.', 5, 163, '2017-03-03 20:29:53', '2017-03-03 20:29:53', NULL),
(386, 'Totam dolor dolores rerum porro labore cumque voluptas provident. Est aspernatur quas in ullam sunt. Beatae qui id natus repudiandae nihil.', 4, 162, '2017-03-03 20:29:53', '2017-03-03 20:29:53', NULL),
(387, 'Ipsam qui et voluptatem fuga placeat velit eligendi. Accusamus temporibus in et velit consequatur. Hic omnis quia qui architecto esse.', 2, 52, '2017-03-03 20:29:53', '2017-03-03 20:29:53', NULL),
(388, 'Aut quos fuga ad veniam dolores. Molestias sunt dolore quaerat voluptatum autem officiis. Assumenda velit dolores vel veritatis vitae cumque et et. Quia suscipit a enim dolor dolorem soluta iste.', 3, 31, '2017-03-03 20:29:53', '2017-03-03 20:29:53', NULL),
(389, 'Et perspiciatis et vitae nostrum perspiciatis omnis quia rerum. Et et ut itaque ut omnis. Sunt qui et molestiae soluta qui molestias reiciendis consequatur.', 2, 124, '2017-03-03 20:29:53', '2017-03-03 20:29:53', NULL),
(390, 'Unde culpa sit explicabo temporibus. Ullam harum quis commodi voluptatem. Odit dicta qui autem placeat magni. Eaque reiciendis qui quia nostrum minus.', 2, 172, '2017-03-03 20:29:53', '2017-03-03 20:29:53', NULL),
(391, 'Dolorum est voluptatem voluptatum atque. Quaerat esse doloribus ex itaque iste et. Qui in harum ratione consequatur.\nEt dolor qui delectus nam. A qui adipisci sint repudiandae unde ducimus.', 2, 191, '2017-03-03 20:29:53', '2017-03-03 20:29:53', NULL),
(392, 'Aliquam earum voluptatem libero et voluptatibus qui fugiat a. Et laudantium quidem facere fuga voluptatem dicta. Et corporis cupiditate aut. Pariatur aliquam magnam quidem est sapiente.', 3, 37, '2017-03-03 20:29:53', '2017-03-03 20:29:53', NULL),
(393, 'Doloremque sit odit quia vel quod. Sunt enim officia minus rem omnis recusandae nesciunt. Ut et quaerat sequi vitae aut et. Fugiat quis aut porro eaque itaque.', 1, 186, '2017-03-03 20:29:53', '2017-03-03 20:29:53', NULL),
(394, 'Maiores rerum voluptates quasi iste ut quo rerum. Quisquam totam ut voluptas quam molestiae. Magni dolore ullam cum id soluta nobis qui. Distinctio voluptas molestiae error.', 1, 188, '2017-03-03 20:29:53', '2017-03-03 20:29:53', NULL),
(395, 'Numquam delectus quidem alias. Aut ullam perspiciatis mollitia neque qui velit. Qui dolor qui harum corrupti velit ea exercitationem.', 3, 118, '2017-03-03 20:29:53', '2017-03-03 20:29:53', NULL),
(396, 'Est dicta voluptates quo illum. Repellendus eveniet maxime eum occaecati quam aut veritatis. Incidunt fugit ut ut sint dolore qui quo. Consequatur rem beatae aut est quia.', 5, 7, '2017-03-03 20:29:53', '2017-03-03 20:29:53', NULL),
(397, 'Ut hic tenetur architecto. Cupiditate vero blanditiis quisquam quas vel illo quidem et. Unde molestiae id recusandae recusandae vero ut ut.', 5, 167, '2017-03-03 20:29:53', '2017-03-03 20:29:53', NULL),
(398, 'Quo non in ad molestiae ut. Officiis excepturi voluptate ipsa voluptas odit odit autem. Quidem laborum optio quidem.', 2, 54, '2017-03-03 20:29:53', '2017-03-03 20:29:53', NULL),
(399, 'Numquam maxime sed voluptas reprehenderit aut adipisci. Aut rerum voluptas qui voluptatem consectetur. Voluptatem vel nihil optio nam.', 1, 110, '2017-03-03 20:29:53', '2017-03-03 20:29:53', NULL),
(400, 'Aliquam ea vel culpa et beatae. Eveniet alias libero molestiae quia. Et alias et velit facilis libero suscipit.', 2, 90, '2017-03-03 20:29:53', '2017-03-03 20:29:53', NULL),
(401, 'Sint maxime ex minima consequatur. Deleniti et odit eum expedita ducimus deleniti. Perferendis ab tempora excepturi ut adipisci reiciendis.', 1, 2, '2017-03-03 20:29:53', '2017-03-03 20:29:53', NULL),
(402, 'Est similique est enim. Quidem dignissimos reprehenderit id corporis nostrum ut asperiores. Veniam ipsa aut reiciendis. Eveniet in ut eos aliquam quibusdam molestiae expedita.', 3, 19, '2017-03-03 20:29:53', '2017-03-03 20:29:53', NULL),
(403, 'Sunt et assumenda placeat iusto dolor. Dolores non quae similique. Sit officiis quod corporis adipisci.', 5, 68, '2017-03-03 20:29:53', '2017-03-03 20:29:53', NULL),
(404, 'Doloremque vel facilis quaerat eum eligendi molestiae. Nemo ut recusandae architecto quia consequatur adipisci. Ea nihil unde laudantium sapiente a.', 3, 140, '2017-03-03 20:29:53', '2017-03-03 20:29:53', NULL),
(405, 'Ex consequuntur dignissimos qui fugit totam voluptas. Sint voluptatem voluptatum qui animi maxime alias excepturi. Et ullam sapiente placeat cumque qui. Doloremque repudiandae aliquam dolor esse.', 5, 70, '2017-03-03 20:29:53', '2017-03-03 20:29:53', NULL),
(406, 'Dolor nesciunt minus ea facere expedita et. Ad earum laborum ut architecto. Aspernatur tempora illo commodi expedita.', 5, 180, '2017-03-03 20:29:53', '2017-03-03 20:29:53', NULL),
(407, 'Hic a unde nostrum ut. Doloribus dolor qui ex vero quos aliquam quia nulla. Occaecati esse animi laboriosam necessitatibus eius enim voluptatem.', 5, 172, '2017-03-03 20:29:53', '2017-03-03 20:29:53', NULL),
(408, 'Delectus reprehenderit necessitatibus sint consectetur quia. Nam consequatur iure quia veniam expedita quo quia. Quia doloribus accusamus ullam voluptatum sit porro fugiat.', 2, 131, '2017-03-03 20:29:53', '2017-03-03 20:29:53', NULL),
(409, 'Aut eos et aut expedita. Ut molestiae in perferendis qui incidunt ut sed. Autem ratione culpa autem velit repudiandae.', 1, 87, '2017-03-03 20:29:53', '2017-03-03 20:29:53', NULL),
(410, 'Nulla reprehenderit quia enim quia quisquam sed nihil. Asperiores et consequuntur veniam qui perferendis. Ea excepturi deleniti fuga odit maiores hic earum.', 4, 82, '2017-03-03 20:29:53', '2017-03-03 20:29:53', NULL),
(411, 'Aut ullam eligendi dolores quam. Voluptatem quia fugit voluptas distinctio et voluptas molestiae. A officiis tempora maiores qui consequatur labore. Et sed et iure nemo.', 4, 141, '2017-03-03 20:29:53', '2017-03-03 20:29:53', NULL),
(412, 'Velit illum voluptatem non aliquam. Molestiae aspernatur voluptas excepturi. Nulla et sint et sit ratione.', 1, 106, '2017-03-03 20:29:53', '2017-03-03 20:29:53', NULL),
(413, 'Sint mollitia tempore ipsa qui. Est in laudantium eum magni suscipit non. Labore dolorem sequi error qui. Corporis sint sed incidunt qui suscipit.', 1, 118, '2017-03-03 20:29:53', '2017-03-03 20:29:53', NULL),
(414, 'Reiciendis voluptatum molestiae a inventore maxime est. Dolores similique et iste harum dolorem. Est provident enim voluptatem nihil fugiat molestiae. Consequatur sint eum at et.', 5, 100, '2017-03-03 20:29:53', '2017-03-03 20:29:53', NULL),
(415, 'Omnis cumque reiciendis et necessitatibus. Optio sunt inventore cupiditate sed corrupti. Magnam minima ipsam ut earum consequatur voluptatem maxime. Vel maxime optio rerum placeat repellat ducimus.', 1, 193, '2017-03-03 20:29:53', '2017-03-03 20:29:53', NULL),
(416, 'Cupiditate sint placeat vel illum suscipit earum et. Dolorem sed necessitatibus et quibusdam mollitia et. Blanditiis natus et quasi qui suscipit.', 4, 34, '2017-03-03 20:29:53', '2017-03-03 20:29:53', NULL),
(417, 'Ea nulla corporis dignissimos repellat explicabo facere. Nihil iusto dolor aut placeat natus. Eos quia aut maiores illo sapiente. Incidunt est ratione adipisci.', 4, 131, '2017-03-03 20:29:53', '2017-03-03 20:29:53', NULL),
(418, 'Quaerat eum illo quo animi placeat doloremque. Animi tempora quis fugit. Modi omnis molestiae impedit expedita quo. Minima et dolorum sit reprehenderit illum et animi.', 5, 56, '2017-03-03 20:29:53', '2017-03-03 20:29:53', NULL),
(419, 'Aliquam nesciunt aperiam veritatis nulla. Ad officiis nobis dolores. Quibusdam est reiciendis et aut maiores aperiam.', 3, 23, '2017-03-03 20:29:53', '2017-03-03 20:29:53', NULL),
(420, 'Soluta commodi nemo laudantium ducimus. Hic illum dolorum numquam explicabo nostrum quisquam. Quaerat natus fugit error dolor libero culpa ut. Voluptatum aut expedita eaque inventore assumenda.', 5, 107, '2017-03-03 20:29:53', '2017-03-03 20:29:53', NULL),
(421, 'Eum laboriosam sint quo eveniet autem doloremque dolorem. Eum quos quo officia delectus est. Dolor rerum molestias consequatur dolorem voluptatem placeat omnis consequatur.', 4, 195, '2017-03-03 20:29:53', '2017-03-03 20:29:53', NULL),
(422, 'Mollitia itaque voluptatem illo autem. Tempora ut necessitatibus voluptas aliquam et sed.', 4, 170, '2017-03-03 20:29:53', '2017-03-03 20:29:53', NULL),
(423, 'Velit ex quaerat commodi impedit facere. Qui ipsa dolores ut ut expedita. Non hic dicta officia aspernatur.', 5, 193, '2017-03-03 20:29:53', '2017-03-03 20:29:53', NULL),
(424, 'Eum recusandae cum ut minus cupiditate qui. Ea tempora numquam quos sed voluptas omnis. Inventore et assumenda excepturi alias.', 4, 37, '2017-03-03 20:29:53', '2017-03-03 20:29:53', NULL),
(425, 'Rerum sint culpa ipsa officiis in ut aut. Sunt nisi blanditiis possimus dolor. Dicta eligendi pariatur perspiciatis accusantium. Omnis ipsa at quisquam sunt.', 1, 33, '2017-03-03 20:29:53', '2017-03-03 20:29:53', NULL),
(426, 'Quis facere molestiae libero et. Saepe blanditiis voluptates ratione odit minima aut. Nostrum libero quia quasi commodi deserunt. Est et eos nulla doloribus sit.', 5, 174, '2017-03-03 20:29:53', '2017-03-03 20:29:53', NULL),
(427, 'Et minima est assumenda delectus harum voluptatem odit. Laudantium magni inventore iusto nihil nostrum excepturi est. Esse ab voluptatem aut.', 5, 189, '2017-03-03 20:29:53', '2017-03-03 20:29:53', NULL),
(428, 'Neque nulla praesentium adipisci autem. Quae mollitia aut est expedita aut rerum distinctio. Quia accusantium rem tenetur.', 4, 111, '2017-03-03 20:29:53', '2017-03-03 20:29:53', NULL),
(429, 'Amet libero nesciunt labore labore. Eius in facere exercitationem odit. Aut debitis in sed unde. Officiis voluptatem quas sit ea. Odio dolor sunt laudantium molestias.', 3, 120, '2017-03-03 20:29:53', '2017-03-03 20:29:53', NULL),
(430, 'Architecto qui aut qui quae dolor blanditiis. Deleniti soluta sequi quibusdam. Vel ratione maiores et animi. Quas veniam optio ut ut sint eius.', 5, 193, '2017-03-03 20:29:53', '2017-03-03 20:29:53', NULL),
(431, 'Aperiam quibusdam blanditiis aperiam. Nihil magnam molestiae minima iure ipsum et dolor. Et in aspernatur enim.', 3, 28, '2017-03-03 20:29:53', '2017-03-03 20:29:53', NULL),
(432, 'Consequatur similique iure enim. Non et rerum libero voluptatem temporibus quisquam. Sed voluptatem harum eos totam.', 2, 199, '2017-03-03 20:29:53', '2017-03-03 20:29:53', NULL),
(433, 'Eligendi a maiores eius cupiditate ullam dolor quod velit. Suscipit rerum quibusdam ducimus minima totam. Porro qui omnis enim iusto accusamus rerum quam.', 4, 104, '2017-03-03 20:29:53', '2017-03-03 20:29:53', NULL),
(434, 'Et velit est dolorem iste sit. Natus eos veniam ipsa magni ut. Et omnis nisi temporibus.', 3, 41, '2017-03-03 20:29:53', '2017-03-03 20:29:53', NULL),
(435, 'Vitae officiis ut in non suscipit omnis nostrum. In ut dolores deserunt ad molestiae. Et sed nulla hic maiores rerum. Ipsum quisquam alias ducimus est quisquam cumque repellendus.', 2, 36, '2017-03-03 20:29:53', '2017-03-03 20:29:53', NULL),
(436, 'Sed at rerum voluptate. Eveniet similique beatae dicta et vel. Eos consequatur velit rerum eius. Dolorum voluptas ratione similique minus.', 2, 158, '2017-03-03 20:29:53', '2017-03-03 20:29:53', NULL),
(437, 'Voluptate laboriosam ut nesciunt. Eos nostrum voluptas id molestias. Corporis odio rerum dolores iste alias et voluptas. Pariatur quidem ducimus illum rem accusamus dolore.', 5, 32, '2017-03-03 20:29:53', '2017-03-03 20:29:53', NULL),
(438, 'Illo consequatur accusantium perferendis debitis adipisci occaecati. Perspiciatis quas molestiae illo qui unde. Non dolore rerum voluptatem illo ullam incidunt. Aut quo qui pariatur totam et atque.', 5, 105, '2017-03-03 20:29:53', '2017-03-03 20:29:53', NULL),
(439, 'Doloribus earum sunt deserunt sed quam eos ab harum. Voluptate aut natus cupiditate impedit error rem minima ut. Assumenda dolor similique saepe rem. Dolores ad occaecati fugiat veniam vel.', 4, 101, '2017-03-03 20:29:53', '2017-03-03 20:29:53', NULL),
(440, 'Consequuntur culpa cumque molestias suscipit reiciendis adipisci suscipit. In exercitationem aspernatur ex. Molestiae error deserunt sunt suscipit iusto. Quia perspiciatis quasi sed.', 5, 196, '2017-03-03 20:29:53', '2017-03-03 20:29:53', NULL),
(441, 'Dolor fugit ratione dolore alias. Odio laudantium placeat voluptatem molestiae. Nisi nam maxime rerum laboriosam.', 3, 134, '2017-03-03 20:29:53', '2017-03-03 20:29:53', NULL),
(442, 'Dolores distinctio earum dignissimos vel. Modi dignissimos soluta sunt.', 1, 57, '2017-03-03 20:29:53', '2017-03-03 20:29:53', NULL),
(443, 'Et cupiditate quibusdam fuga reprehenderit sed. Accusantium exercitationem a error sunt explicabo doloribus esse quae.', 1, 73, '2017-03-03 20:29:53', '2017-03-03 20:29:53', NULL),
(444, 'Saepe ab alias itaque recusandae. Consequatur quod sapiente at possimus consequatur numquam. Et sit ut hic dolorum.', 4, 159, '2017-03-03 20:29:53', '2017-03-03 20:29:53', NULL),
(445, 'Doloribus suscipit earum nesciunt distinctio. Tempore velit ut molestias cumque amet qui explicabo. Voluptatem ut et eos omnis excepturi nostrum deserunt neque.', 5, 9, '2017-03-03 20:29:53', '2017-03-03 20:29:53', NULL),
(446, 'Quae impedit cumque officia perspiciatis. Provident reprehenderit deleniti voluptatum maxime voluptatibus eos cum. In eum iusto a adipisci. Neque repudiandae voluptas asperiores hic cupiditate.', 5, 37, '2017-03-03 20:29:53', '2017-03-03 20:29:53', NULL),
(447, 'Autem aspernatur reprehenderit expedita minima. Blanditiis dolorem sunt ipsum. Reiciendis eius fugit fugiat nesciunt nobis. Eos quo et ab voluptates et corrupti.', 3, 150, '2017-03-03 20:29:53', '2017-03-03 20:29:53', NULL),
(448, 'Et et sunt eligendi nesciunt fugiat suscipit. Similique quisquam perferendis aut libero rerum consequuntur et. Quo provident et alias cumque debitis occaecati quod.', 4, 5, '2017-03-03 20:29:53', '2017-03-03 20:29:53', NULL),
(449, 'Sunt in reiciendis dolorem eos. Ut culpa ut cupiditate culpa. Sequi dolores in voluptatibus non fugit modi error. Cum reiciendis adipisci aut excepturi.', 5, 132, '2017-03-03 20:29:53', '2017-03-03 20:29:53', NULL),
(450, 'Accusamus excepturi velit consectetur debitis. Et aut velit in cumque reprehenderit non. Ut iure est placeat quo qui et alias. Accusantium sint non ut corrupti numquam dolor placeat occaecati.', 1, 59, '2017-03-03 20:29:53', '2017-03-03 20:29:53', NULL),
(451, 'Temporibus incidunt velit dolorum cum. Aliquam molestias quaerat fuga delectus nulla numquam a. Amet eaque quo placeat sed debitis voluptatem aut.', 1, 99, '2017-03-03 20:29:53', '2017-03-03 20:29:53', NULL),
(452, 'Ut beatae amet pariatur. Totam ex facere adipisci est quia quisquam iure. Ab ea aliquam eum et. Sint velit numquam rem architecto sequi.', 2, 111, '2017-03-03 20:29:53', '2017-03-03 20:29:53', NULL),
(453, 'Necessitatibus voluptas quibusdam ab corporis. Nam fugiat aut in qui. Praesentium molestiae cum rem.', 5, 87, '2017-03-03 20:29:53', '2017-03-03 20:29:53', NULL),
(454, 'Libero consequatur minus repellat suscipit dolorem nesciunt dignissimos. Quia nihil nesciunt maiores labore minus eos.', 1, 23, '2017-03-03 20:29:53', '2017-03-03 20:29:53', NULL),
(455, 'Nemo aut molestiae praesentium quasi vitae doloremque. Rem quaerat sit praesentium suscipit officia expedita. Rerum eum harum dicta voluptate rerum.', 1, 34, '2017-03-03 20:29:53', '2017-03-03 20:29:53', NULL),
(456, 'Dolores amet amet accusamus numquam animi. Asperiores eius deleniti quos tempore. Ratione rerum impedit enim aut velit autem sit molestiae. Eum magnam occaecati eum.', 5, 154, '2017-03-03 20:29:53', '2017-03-03 20:29:53', NULL),
(457, 'Dolores tempore possimus ut est nemo. Ut magni optio rerum consequatur.', 3, 20, '2017-03-03 20:29:53', '2017-03-03 20:29:53', NULL),
(458, 'Consectetur ratione delectus ullam rerum cupiditate. Necessitatibus rerum accusamus minima pariatur et quis. Suscipit voluptas maxime doloribus fuga.', 4, 90, '2017-03-03 20:29:53', '2017-03-03 20:29:53', NULL),
(459, 'Perferendis voluptatem dolorem excepturi asperiores corporis sit. Dolorem tempore quia eaque pariatur debitis. Ullam itaque et rerum velit dolore modi occaecati. Est at nisi itaque officia.', 4, 133, '2017-03-03 20:29:53', '2017-03-03 20:29:53', NULL),
(460, 'Culpa rerum eos eius expedita enim sapiente quos. Ducimus quia sint reiciendis hic. Aspernatur iusto aliquid voluptatem ea. Et in voluptate in modi ut quidem possimus.', 1, 105, '2017-03-03 20:29:53', '2017-03-03 20:29:53', NULL),
(461, 'Voluptas facere enim omnis et nam ut. Dolorem vel voluptatem itaque corrupti placeat sed. Consequatur recusandae dolor repudiandae. Veritatis consequuntur qui eveniet sit.', 3, 18, '2017-03-03 20:29:53', '2017-03-03 20:29:53', NULL);
INSERT INTO `reviews` (`id`, `textscore`, `score`, `author_id`, `created_at`, `updated_at`, `deleted_at`) VALUES
(462, 'Eum modi non non at qui eligendi sed. Aut voluptatem quo ut amet laboriosam. Quidem est sint voluptates adipisci modi dolor numquam. Cum qui eum doloremque fuga et eos iure et.', 1, 177, '2017-03-03 20:29:53', '2017-03-03 20:29:53', NULL),
(463, 'Fugit fuga mollitia magnam distinctio quam esse dolores. Ea corporis amet soluta repudiandae. Dolor repellendus voluptatem et aut omnis voluptatem.', 5, 167, '2017-03-03 20:29:53', '2017-03-03 20:29:53', NULL),
(464, 'Nemo at illo velit dolore atque. Nesciunt minima ipsam natus beatae quasi adipisci. Asperiores omnis tempora culpa impedit illo.', 5, 193, '2017-03-03 20:29:53', '2017-03-03 20:29:53', NULL),
(465, 'Odit voluptate id quisquam alias expedita repudiandae. Aspernatur ipsum enim quaerat laborum dignissimos ad cupiditate. Iure culpa eius aut ratione delectus dolor incidunt in.', 4, 131, '2017-03-03 20:29:53', '2017-03-03 20:29:53', NULL),
(466, 'Occaecati quia dolore expedita dolores accusamus aut. Minima delectus nostrum ut amet. Nostrum itaque dolorum recusandae.', 4, 168, '2017-03-03 20:29:53', '2017-03-03 20:29:53', NULL),
(467, 'Quibusdam et eos et natus molestias eaque id. Dicta nisi aliquam debitis ex amet laborum voluptatem. Debitis qui assumenda accusantium rerum veritatis accusantium debitis. Culpa cumque iste pariatur.', 3, 48, '2017-03-03 20:29:53', '2017-03-03 20:29:53', NULL),
(468, 'Ullam amet tenetur officiis et quo voluptas. Hic sit nihil ea reiciendis eligendi voluptas. Aut distinctio quod officiis vel eum dolorem.', 1, 124, '2017-03-03 20:29:53', '2017-03-03 20:29:53', NULL),
(469, 'Magni qui nesciunt fuga illum. Possimus ipsa beatae sed in voluptatum delectus. Deleniti consequatur molestias sit facere.\nEnim doloribus quisquam in quam cupiditate eos. Et at ut optio et.', 5, 140, '2017-03-03 20:29:53', '2017-03-03 20:29:53', NULL),
(470, 'Sed non debitis alias ut architecto. Nisi explicabo vel error. Molestiae quam itaque et possimus.', 1, 44, '2017-03-03 20:29:53', '2017-03-03 20:29:53', NULL),
(471, 'Est natus fugiat ut est ea atque aut. Voluptatum at recusandae aliquam expedita. Numquam ab corporis et vero libero.', 1, 41, '2017-03-03 20:29:53', '2017-03-03 20:29:53', NULL),
(472, 'Nihil sequi voluptatum consequuntur est officia. Consequatur debitis earum qui adipisci eum rerum odio. Ut eum facilis quibusdam nobis.', 4, 83, '2017-03-03 20:29:53', '2017-03-03 20:29:53', NULL),
(473, 'Nihil consectetur sit qui non id illo illo. Eos nihil nulla rerum doloremque inventore optio explicabo. Ut sit sit voluptatem praesentium voluptas cupiditate quam.', 5, 128, '2017-03-03 20:29:53', '2017-03-03 20:29:53', NULL),
(474, 'Ea nihil quod et enim labore ut quas saepe. Beatae hic minus ut accusamus ut delectus quas quibusdam. Accusantium omnis blanditiis molestias non. Quo esse sequi qui eveniet.', 2, 191, '2017-03-03 20:29:53', '2017-03-03 20:29:53', NULL),
(475, 'Officiis esse tempora dignissimos blanditiis doloribus pariatur est. Ut facilis est tempora illum iste quisquam. Voluptatem minus minima architecto ad.', 1, 71, '2017-03-03 20:29:53', '2017-03-03 20:29:53', NULL),
(476, 'Vel totam et quasi voluptatum. Fugiat mollitia quis fugiat ut sed nam. Officiis quae similique cumque sit consequatur quos. Quaerat nisi possimus maxime est et.', 5, 120, '2017-03-03 20:29:53', '2017-03-03 20:29:53', NULL),
(477, 'Iste et nesciunt commodi saepe. Exercitationem sit modi qui numquam voluptatem. Autem laudantium laudantium eveniet.', 4, 11, '2017-03-03 20:29:53', '2017-03-03 20:29:53', NULL),
(478, 'Deserunt distinctio nemo reiciendis voluptatem. Fuga iste ea nisi pariatur dolorem odio.', 4, 200, '2017-03-03 20:29:53', '2017-03-03 20:29:53', NULL),
(479, 'Fugit iste quam ipsum consequatur. Ea repellendus et earum eum qui. Porro suscipit et deleniti quibusdam sit ipsam.\nNon numquam hic nam eos officiis. Maiores facilis unde magni odio eligendi eius.', 1, 76, '2017-03-03 20:29:53', '2017-03-03 20:29:53', NULL),
(480, 'Similique qui blanditiis ipsum aspernatur velit non. Et nulla exercitationem ex quia nulla culpa nemo. Tempora numquam maxime eum omnis.', 2, 82, '2017-03-03 20:29:53', '2017-03-03 20:29:53', NULL),
(481, 'Natus ullam voluptatem odit perferendis. Modi voluptatem et tenetur expedita fugiat praesentium et. Cupiditate et quam unde et.', 3, 46, '2017-03-03 20:29:53', '2017-03-03 20:29:53', NULL),
(482, 'Beatae odio quas atque ut fuga hic ut. A in occaecati iste delectus quo.', 2, 172, '2017-03-03 20:29:53', '2017-03-03 20:29:53', NULL),
(483, 'Tenetur temporibus qui quo omnis. Est consequatur ut quod ad dolor. Sed exercitationem et ratione accusamus quo quibusdam.', 3, 20, '2017-03-03 20:29:53', '2017-03-03 20:29:53', NULL),
(484, 'Accusamus ut quibusdam cupiditate nemo nam reiciendis. Sit et alias placeat.', 2, 61, '2017-03-03 20:29:53', '2017-03-03 20:29:53', NULL),
(485, 'Error magnam ipsum officia et inventore architecto id. Consectetur optio expedita veritatis et. Voluptatem quas vitae ullam voluptas sit. Quia suscipit optio dolorum.', 5, 148, '2017-03-03 20:29:53', '2017-03-03 20:29:53', NULL),
(486, 'Consequatur assumenda in et cupiditate est. Eligendi eaque autem dolorem pariatur. Non temporibus est est incidunt qui omnis.', 5, 20, '2017-03-03 20:29:53', '2017-03-03 20:29:53', NULL),
(487, 'Eum praesentium fugit commodi placeat quasi amet. Ab officia iure et.\nEt qui alias perspiciatis adipisci. Soluta hic culpa est. Possimus voluptatem illo qui harum voluptatem libero.', 3, 12, '2017-03-03 20:29:53', '2017-03-03 20:29:53', NULL),
(488, 'Beatae occaecati quam in molestiae non. Debitis consequuntur asperiores in eum. Ut laborum et enim ducimus ex. Voluptatem nulla consequatur numquam veniam itaque et.', 1, 133, '2017-03-03 20:29:53', '2017-03-03 20:29:53', NULL),
(489, 'Quo nostrum recusandae tempora mollitia et temporibus et enim. Qui reprehenderit illum fugiat illo et labore. Quo esse distinctio eligendi non ratione. A corporis nisi autem voluptatem magni error.', 1, 86, '2017-03-03 20:29:53', '2017-03-03 20:29:53', NULL),
(490, 'Nihil consectetur iste reiciendis ut nam. Accusantium alias quisquam vero est. Aut assumenda modi deserunt.', 2, 58, '2017-03-03 20:29:53', '2017-03-03 20:29:53', NULL),
(491, 'Distinctio perspiciatis voluptatum suscipit similique accusamus numquam. Debitis tenetur eos doloribus omnis sit dolores. Est accusantium facilis minima quos deleniti autem.', 2, 126, '2017-03-03 20:29:53', '2017-03-03 20:29:53', NULL),
(492, 'Quibusdam nam voluptate libero inventore minima aliquid dicta. Molestiae explicabo modi consectetur ducimus aliquam. Assumenda sunt mollitia totam et recusandae.', 2, 139, '2017-03-03 20:29:53', '2017-03-03 20:29:53', NULL),
(493, 'Corporis omnis labore qui odio iusto et velit. Velit harum ex non beatae nobis aliquid totam. Aperiam eaque assumenda voluptatibus nihil. Aliquam optio tempore et enim aspernatur est.', 2, 193, '2017-03-03 20:29:53', '2017-03-03 20:29:53', NULL),
(494, 'Non nemo et ut nostrum earum odio. Alias et eum omnis quae sunt reiciendis quibusdam. Perspiciatis et eos provident nostrum inventore.', 1, 9, '2017-03-03 20:29:53', '2017-03-03 20:29:53', NULL),
(495, 'Nam dicta suscipit ipsa sunt quo est dolor. Quisquam sit sequi animi dolor qui. Dolor quis quibusdam sequi voluptatem ipsa laborum sit.', 3, 163, '2017-03-03 20:29:53', '2017-03-03 20:29:53', NULL),
(496, 'Aut aut tempora voluptate quis iusto ab. Ipsam aut esse rerum vel ea. Explicabo corporis ea autem qui occaecati. Porro enim ducimus adipisci porro neque illo.', 4, 82, '2017-03-03 20:29:53', '2017-03-03 20:29:53', NULL),
(497, 'Sint saepe dolorem iusto commodi vel et earum atque. Sed voluptas blanditiis consequuntur qui. Tenetur voluptatem cupiditate eos. Exercitationem hic dignissimos ut et pariatur et consequatur.', 4, 197, '2017-03-03 20:29:53', '2017-03-03 20:29:53', NULL),
(498, 'Tempore non eaque ab aut repellendus. Reprehenderit maiores enim ut laborum sed temporibus. Quod possimus aut quis corrupti. Rerum laboriosam exercitationem id autem.', 2, 169, '2017-03-03 20:29:53', '2017-03-03 20:29:53', NULL),
(499, 'Nemo culpa nostrum totam magnam sequi qui sunt. Ipsa esse accusantium at quo dolorum. Et numquam nulla provident suscipit in.', 2, 15, '2017-03-03 20:29:53', '2017-03-03 20:29:53', NULL);

-- --------------------------------------------------------

--
-- Структура таблиці `users`
--

CREATE TABLE `users` (
  `id` int(10) UNSIGNED NOT NULL,
  `name` varchar(255) COLLATE utf8mb4_unicode_ci NOT NULL,
  `phone` varchar(255) COLLATE utf8mb4_unicode_ci NOT NULL,
  `address` varchar(255) COLLATE utf8mb4_unicode_ci NOT NULL,
  `created_at` timestamp NULL DEFAULT NULL,
  `updated_at` timestamp NULL DEFAULT NULL,
  `deleted_at` timestamp NULL DEFAULT NULL
) ENGINE=InnoDB DEFAULT CHARSET=utf8mb4 COLLATE=utf8mb4_unicode_ci;

--
-- Дамп даних таблиці `users`
--

INSERT INTO `users` (`id`, `name`, `phone`, `address`, `created_at`, `updated_at`, `deleted_at`) VALUES
(1, 'Barton Morissette V', '1-888-610-1826', '941 Metz Motorway\nWest Jennings, CA 04931-1532', '2017-03-03 20:29:46', '2017-03-03 20:29:46', NULL),
(2, 'Jonathan Purdy', '1-866-574-1136', '254 Parker Wall Suite 610\nEmorymouth, NC 37243', '2017-03-03 20:29:46', '2017-03-03 20:29:46', NULL),
(3, 'Minerva Rodriguez', '(888) 832-2880', '818 Cordelia Courts\nLake Everardoside, AR 27970-5374', '2017-03-03 20:29:46', '2017-03-03 20:29:46', NULL),
(4, 'Amari Haag', '800.452.5683', '53803 Aliya Forest Apt. 399\nNorth Constance, HI 23679-0855', '2017-03-03 20:29:46', '2017-03-03 20:29:46', NULL),
(5, 'Victoria Keebler', '866-824-8364', '622 Hansen Coves Apt. 944\nMyleneview, AL 29722-5554', '2017-03-03 20:29:46', '2017-03-03 20:29:46', NULL),
(6, 'Earline Hagenes', '1-855-576-8152', '6268 Margarete Stravenue\nLake Archibald, NH 35993', '2017-03-03 20:29:46', '2017-03-03 20:29:46', NULL),
(7, 'Kenyatta Sporer', '1-855-622-4675', '8406 Langosh Pine Suite 176\nNew Leora, CO 62134-7976', '2017-03-03 20:29:46', '2017-03-03 20:29:46', NULL),
(8, 'Vickie Hyatt', '888-740-8976', '93786 Daisha Island Apt. 860\nKlockoville, NY 51563-8061', '2017-03-03 20:29:46', '2017-03-03 20:29:46', NULL),
(9, 'Trace Wyman', '855-798-9963', '3384 Bailey Club\nCoyport, MT 57589-7058', '2017-03-03 20:29:46', '2017-03-03 20:29:46', NULL),
(10, 'Catalina Kessler', '877-417-7878', '45402 Roob Stream Suite 886\nSouth Sarina, UT 73465', '2017-03-03 20:29:46', '2017-03-03 20:29:46', NULL),
(11, 'Yessenia Mraz', '1-855-943-1207', '6587 Grimes Underpass Suite 270\nOlafberg, VT 31464', '2017-03-03 20:29:46', '2017-03-03 20:29:46', NULL),
(12, 'Milo Walker', '(888) 688-6947', '71373 Kerluke Drive Apt. 782\nGerdafurt, MO 39709-1217', '2017-03-03 20:29:46', '2017-03-03 20:29:46', NULL),
(13, 'Leanna Morar', '(844) 657-7770', '91134 Elmer Junctions Suite 306\nLake Savionfurt, MD 84375-1028', '2017-03-03 20:29:46', '2017-03-03 20:29:46', NULL),
(14, 'Lora Shields', '866.820.6775', '17582 Leannon Mountain\nSouth Renee, UT 34495-5583', '2017-03-03 20:29:46', '2017-03-03 20:29:46', NULL),
(15, 'Prof. Glennie Sipes', '800-785-5922', '915 Coralie Spring\nMekhiview, VA 76540-1976', '2017-03-03 20:29:46', '2017-03-03 20:29:46', NULL),
(16, 'Mrs. Brenna O\'Kon Jr.', '877-938-1203', '312 Eichmann Orchard\nAshtynborough, MN 00317', '2017-03-03 20:29:46', '2017-03-03 20:29:46', NULL),
(17, 'Dr. Luna Pollich DDS', '(855) 738-6206', '801 Liliane Motorway\nJohnstonview, ME 55236', '2017-03-03 20:29:46', '2017-03-03 20:29:46', NULL),
(18, 'Cathrine Paucek', '844-821-9914', '20197 Elvis Plains Suite 897\nSouth Montanamouth, OH 69826-9828', '2017-03-03 20:29:46', '2017-03-03 20:29:46', NULL),
(19, 'Josh Buckridge', '(844) 529-6635', '86930 Hessel Mountain\nCarminebury, ID 84740', '2017-03-03 20:29:46', '2017-03-03 20:29:46', NULL),
(20, 'Prof. Jermey Grimes I', '1-855-604-4526', '44603 Elliott Stream Suite 248\nLindville, CA 23922-9442', '2017-03-03 20:29:46', '2017-03-03 20:29:46', NULL),
(21, 'Janie Heidenreich', '800-418-4179', '57942 Moises Forge Apt. 706\nWest Amira, OH 39863-6239', '2017-03-03 20:29:46', '2017-03-03 20:29:46', NULL),
(22, 'Deborah Satterfield', '1-855-321-7266', '5753 Dickens Cove\nMillermouth, MO 51118', '2017-03-03 20:29:46', '2017-03-03 20:29:46', NULL),
(23, 'Lilian Howe', '866-764-1974', '7346 Balistreri Plains Apt. 460\nEast Charleneview, OR 02969-0988', '2017-03-03 20:29:46', '2017-03-03 20:29:46', NULL),
(24, 'Elinor Rutherford', '(888) 299-6538', '1309 Monahan Hill Suite 483\nNorth Aileenstad, PA 97750-4633', '2017-03-03 20:29:46', '2017-03-03 20:29:46', NULL),
(25, 'Glen Heller', '(866) 910-7809', '215 Dietrich Crossroad Apt. 409\nWest Boshire, MN 01866-0337', '2017-03-03 20:29:46', '2017-03-03 20:29:46', NULL),
(26, 'Prof. Ike McDermott', '(855) 878-3709', '95305 Langworth Shore Apt. 031\nNorth Ethylbury, KY 79898-8721', '2017-03-03 20:29:46', '2017-03-03 20:29:46', NULL),
(27, 'Prof. Jayde Torp', '1-800-413-8896', '9485 Emely Radial\nPort Laurettaton, AZ 95255', '2017-03-03 20:29:46', '2017-03-03 20:29:46', NULL),
(28, 'Dr. Kathryn Rau', '(877) 292-1036', '389 Octavia Point Apt. 465\nPort Adrian, LA 06182', '2017-03-03 20:29:46', '2017-03-03 20:29:46', NULL),
(29, 'Godfrey Ryan', '855-969-4035', '48060 Aniyah Harbor Apt. 532\nOrlostad, LA 91107', '2017-03-03 20:29:46', '2017-03-03 20:29:46', NULL),
(30, 'Eloy Cremin', '(866) 529-7035', '360 Miller Mill\nEddiechester, MA 51911', '2017-03-03 20:29:46', '2017-03-03 20:29:46', NULL),
(31, 'Amos Fay I', '855-215-6404', '3303 Carmelo Crossing\nAnnabelberg, IL 27458', '2017-03-03 20:29:46', '2017-03-03 20:29:46', NULL),
(32, 'Lera Rosenbaum', '800-972-0627', '797 Altenwerth Mall\nKochland, HI 60895', '2017-03-03 20:29:46', '2017-03-03 20:29:46', NULL),
(33, 'Joel Strosin', '855.912.1207', '5646 Dooley Flat\nLake Kirstinmouth, IL 14008', '2017-03-03 20:29:46', '2017-03-03 20:29:46', NULL),
(34, 'Prof. Unique Gorczany', '1-866-467-1836', '97914 Shields Well\nSouth Jayburgh, ID 91924', '2017-03-03 20:29:46', '2017-03-03 20:29:46', NULL),
(35, 'Prof. Fern Labadie MD', '1-866-948-8683', '5839 Willms Village\nSouth Freidaville, ID 19788', '2017-03-03 20:29:46', '2017-03-03 20:29:46', NULL),
(36, 'Prof. Deangelo Pollich', '855.442.3091', '230 Gislason Well Suite 379\nCaterinaport, VA 14744-4047', '2017-03-03 20:29:46', '2017-03-03 20:29:46', NULL),
(37, 'Anastacio Zboncak', '(844) 347-5694', '39789 Rowland Turnpike Suite 728\nSouth Joesphton, MD 01712-9418', '2017-03-03 20:29:46', '2017-03-03 20:29:46', NULL),
(38, 'Ms. Wanda Reilly Sr.', '888-393-7957', '234 King Gardens\nPricechester, OK 06173-5245', '2017-03-03 20:29:46', '2017-03-03 20:29:46', NULL),
(39, 'Abbigail Kiehn', '(800) 415-8847', '219 Witting Path\nGoyetteshire, PA 01808', '2017-03-03 20:29:46', '2017-03-03 20:29:46', NULL),
(40, 'Benjamin Schimmel', '800-441-9291', '98456 Norbert Square Apt. 825\nBalistreriborough, WY 40582', '2017-03-03 20:29:46', '2017-03-03 20:29:46', NULL),
(41, 'Rosa Anderson II', '1-800-283-8648', '20621 Carey Canyon\nNorth Guillermotown, WV 85973', '2017-03-03 20:29:46', '2017-03-03 20:29:46', NULL),
(42, 'Hank Bartoletti', '866.243.2225', '50347 Bergstrom Port\nBergefurt, PA 00362-4258', '2017-03-03 20:29:46', '2017-03-03 20:29:46', NULL),
(43, 'May O\'Keefe', '877.317.9101', '76093 Alfonso Terrace Suite 624\nEast Alvinahaven, WA 24616-4583', '2017-03-03 20:29:46', '2017-03-03 20:29:46', NULL),
(44, 'Estelle Pfannerstill', '888-995-3698', '7285 Collins Union\nNorth Doloresberg, DC 09215', '2017-03-03 20:29:46', '2017-03-03 20:29:46', NULL),
(45, 'Lon Cronin', '1-855-681-4342', '6347 Chandler Cliff Apt. 150\nWest Elizabethland, OR 62086', '2017-03-03 20:29:46', '2017-03-03 20:29:46', NULL),
(46, 'Jeremy Kohler Jr.', '(800) 413-7200', '534 Juvenal Road Suite 732\nHodkiewiczside, MN 37786', '2017-03-03 20:29:46', '2017-03-03 20:29:46', NULL),
(47, 'Mr. Shad O\'Connell', '800.338.7506', '77258 Leon Row\nLake Rettafort, MS 43439', '2017-03-03 20:29:46', '2017-03-03 20:29:46', NULL),
(48, 'Jazlyn Bogan', '1-877-876-3366', '47094 Branson Stravenue Apt. 451\nWest Carolineville, ND 56046', '2017-03-03 20:29:46', '2017-03-03 20:29:46', NULL),
(49, 'Anahi Funk', '(888) 603-8668', '86660 Santos Freeway\nMaxiebury, NM 64509-0903', '2017-03-03 20:29:46', '2017-03-03 20:29:46', NULL),
(50, 'Matilde Oberbrunner', '855-440-5657', '688 Winfield Glens\nWest Ila, NE 36669', '2017-03-03 20:29:46', '2017-03-03 20:29:46', NULL),
(51, 'Dr. Taylor Funk', '877-839-0011', '45719 Okuneva Terrace Apt. 124\nLake Carolannechester, MN 27141-2030', '2017-03-03 20:29:46', '2017-03-03 20:29:46', NULL),
(52, 'Prof. Shania Bayer', '844-895-1443', '3010 Mariano Mountains\nPort Chasityton, NV 77279', '2017-03-03 20:29:46', '2017-03-03 20:29:46', NULL),
(53, 'Julie Lindgren', '877.876.7953', '644 Sasha Path\nAubreychester, MN 35542', '2017-03-03 20:29:46', '2017-03-03 20:29:46', NULL),
(54, 'Reyes Hills', '1-844-370-4009', '2499 Hudson Burgs\nReingerbury, CA 27116-5384', '2017-03-03 20:29:46', '2017-03-03 20:29:46', NULL),
(55, 'Bill Hills', '855-704-2691', '2285 McCullough Spring Apt. 731\nEffertzmouth, NY 20640', '2017-03-03 20:29:46', '2017-03-03 20:29:46', NULL),
(56, 'Evan Rosenbaum', '888-884-9322', '89099 Jerde Divide\nJastfurt, MD 36826', '2017-03-03 20:29:46', '2017-03-03 20:29:46', NULL),
(57, 'Shane Carter', '1-866-713-4110', '974 Mya Forks Apt. 811\nNorth Julienview, IA 10991-2785', '2017-03-03 20:29:46', '2017-03-03 20:29:46', NULL),
(58, 'Gennaro Schiller', '800.827.5524', '51599 Tavares Vista Suite 629\nLake Amir, TX 59171-2671', '2017-03-03 20:29:46', '2017-03-03 20:29:46', NULL),
(59, 'Prof. Eldridge Pfannerstill MD', '(800) 897-3244', '955 Wolf Rue\nSouth Gerard, WV 87111', '2017-03-03 20:29:46', '2017-03-03 20:29:46', NULL),
(60, 'Dr. Norberto Schumm', '866.402.1100', '74386 Sven Mill Apt. 938\nEast Sylviastad, DE 41979', '2017-03-03 20:29:46', '2017-03-03 20:29:46', NULL),
(61, 'Timmothy Lowe', '(866) 342-2202', '6481 Hettie Estate\nBaumbachport, NC 95968-6791', '2017-03-03 20:29:46', '2017-03-03 20:29:46', NULL),
(62, 'Ms. Sadye Kassulke', '(800) 973-1867', '374 West Harbors\nSabrinashire, ME 24739-4589', '2017-03-03 20:29:46', '2017-03-03 20:29:46', NULL),
(63, 'Mr. Rasheed Marvin MD', '1-877-333-9956', '5546 Hartmann Shoals\nIneschester, SC 87520-0698', '2017-03-03 20:29:46', '2017-03-03 20:29:46', NULL),
(64, 'Euna Braun', '800.319.0013', '32878 Aufderhar Crest\nSouth Stefan, IA 65865', '2017-03-03 20:29:46', '2017-03-03 20:29:46', NULL),
(65, 'Trace Reichel IV', '888-860-5848', '517 Kian Camp\nParkerbury, MI 10370-2255', '2017-03-03 20:29:46', '2017-03-03 20:29:46', NULL),
(66, 'Benedict Ankunding', '(888) 428-5602', '73019 Desiree Estate Apt. 470\nSouth Arlie, MS 70195', '2017-03-03 20:29:46', '2017-03-03 20:29:46', NULL),
(67, 'Mrs. Daphne Bechtelar', '1-855-730-1963', '4407 Dickinson Row Apt. 398\nNew Austenstad, VA 59295-4417', '2017-03-03 20:29:46', '2017-03-03 20:29:46', NULL),
(68, 'Guy Kuhlman', '844-409-6944', '4118 Donny Islands Apt. 574\nNickolasside, SC 92574-7501', '2017-03-03 20:29:46', '2017-03-03 20:29:46', NULL),
(69, 'Angelo Schmidt', '(844) 568-2944', '970 Martina Alley Suite 942\nSchadenview, MS 17340-6714', '2017-03-03 20:29:46', '2017-03-03 20:29:46', NULL),
(70, 'Marcelino Larson I', '888.823.6934', '81177 Ortiz Prairie\nEast Jaidatown, MT 64285-6846', '2017-03-03 20:29:46', '2017-03-03 20:29:46', NULL),
(71, 'Mr. Albert Raynor', '1-888-589-8582', '303 Tyra Hollow Suite 254\nNew Kimland, HI 39824', '2017-03-03 20:29:46', '2017-03-03 20:29:46', NULL),
(72, 'Prof. Joel Kassulke MD', '(800) 747-2554', '77303 Blanda Greens Suite 843\nJaylonshire, CA 03197-6832', '2017-03-03 20:29:46', '2017-03-03 20:29:46', NULL),
(73, 'Jessyca Kautzer', '(888) 953-8768', '54482 Smitham Summit Apt. 126\nPort Marlee, OK 70870-8229', '2017-03-03 20:29:46', '2017-03-03 20:29:46', NULL),
(74, 'Donnell Predovic', '1-866-548-7890', '182 Dolly Shoal\nSouth Mose, NV 19514', '2017-03-03 20:29:46', '2017-03-03 20:29:46', NULL),
(75, 'Prof. Lulu Reynolds', '855-541-4705', '20171 Roob Fall Suite 591\nEast Adolfo, IN 25514-3280', '2017-03-03 20:29:46', '2017-03-03 20:29:46', NULL),
(76, 'Prof. Hilton Bechtelar PhD', '877-618-7430', '95290 Collins Port Suite 198\nRaynorport, OH 09048', '2017-03-03 20:29:46', '2017-03-03 20:29:46', NULL),
(77, 'Erick Considine', '855-599-9794', '8842 Reichel Mount\nEast Kadinville, MN 05480-3713', '2017-03-03 20:29:46', '2017-03-03 20:29:46', NULL),
(78, 'Mr. Jordy Prohaska', '(877) 556-6224', '2477 Kassulke Stravenue\nLennieville, IN 12993-7511', '2017-03-03 20:29:46', '2017-03-03 20:29:46', NULL),
(79, 'Ole Lehner', '800-570-7659', '76858 Randi Alley Apt. 844\nWest Pat, NH 87250', '2017-03-03 20:29:46', '2017-03-03 20:29:46', NULL),
(80, 'Dawn Blanda I', '888.353.1424', '85584 Monica Shore\nTessiemouth, CO 12945-9128', '2017-03-03 20:29:46', '2017-03-03 20:29:46', NULL),
(81, 'Margaretta Tillman', '(877) 544-8029', '437 Tremblay Cliff\nPort Vida, AL 01403-7815', '2017-03-03 20:29:46', '2017-03-03 20:29:46', NULL),
(82, 'Mr. Albert Nolan Sr.', '888.842.7399', '6869 Bradley Tunnel\nGretaberg, KY 51728-1718', '2017-03-03 20:29:46', '2017-03-03 20:29:46', NULL),
(83, 'Dr. Matilde Jerde I', '877.724.1319', '294 Kyleigh Extensions\nLavinatown, OR 04094', '2017-03-03 20:29:46', '2017-03-03 20:29:46', NULL),
(84, 'Merle Orn', '877-474-3925', '92127 Maryjane Pines Suite 085\nNikitaport, MI 85193', '2017-03-03 20:29:46', '2017-03-03 20:29:46', NULL),
(85, 'Alisha Collins', '800.966.7033', '43585 Nickolas Grove Suite 696\nJordynview, SD 50684-3789', '2017-03-03 20:29:46', '2017-03-03 20:29:46', NULL),
(86, 'Jaclyn Kihn', '888-583-5966', '83564 O\'Hara Street\nHilpertville, VT 91192', '2017-03-03 20:29:46', '2017-03-03 20:29:46', NULL),
(87, 'Amiya McCullough', '866-778-7771', '17598 West Centers\nWest Vincenzo, NV 67944', '2017-03-03 20:29:46', '2017-03-03 20:29:46', NULL),
(88, 'Cornell Klein', '844.616.7293', '996 Altenwerth Mount\nBednarville, KY 40518', '2017-03-03 20:29:46', '2017-03-03 20:29:46', NULL),
(89, 'Miss Carmen Hilll DDS', '855.361.0453', '359 Pagac Hills\nEast Zoilaburgh, KS 48253-7155', '2017-03-03 20:29:46', '2017-03-03 20:29:46', NULL),
(90, 'Ashtyn Emard', '1-877-310-2366', '269 Ada Well Apt. 384\nStiedemannside, WV 59447-9065', '2017-03-03 20:29:46', '2017-03-03 20:29:46', NULL),
(91, 'Yasmeen Rippin', '1-888-566-3403', '482 Melody Turnpike\nNorth Susanafort, VT 59623-0752', '2017-03-03 20:29:46', '2017-03-03 20:29:46', NULL),
(92, 'Dr. Maximillia Heaney DVM', '1-844-227-5514', '26940 Franecki Cliff Apt. 173\nSouth Maryse, WI 03877', '2017-03-03 20:29:46', '2017-03-03 20:29:46', NULL),
(93, 'Prof. Ella Ortiz', '(877) 391-1078', '23697 Harris Turnpike\nNorth Halle, CA 69699-3790', '2017-03-03 20:29:46', '2017-03-03 20:29:46', NULL),
(94, 'Miss Berniece Ortiz IV', '888.985.7923', '40166 Xavier Rest\nSouth Wendell, NM 99735-1229', '2017-03-03 20:29:46', '2017-03-03 20:29:46', NULL),
(95, 'Mr. Henri Kerluke', '1-888-973-7960', '33427 Jalon Brook Apt. 338\nAubreeshire, TX 98332', '2017-03-03 20:29:46', '2017-03-03 20:29:46', NULL),
(96, 'Greyson Bayer', '1-888-591-5557', '953 Brekke Shore Apt. 755\nMcLaughlinville, AK 25269-3017', '2017-03-03 20:29:46', '2017-03-03 20:29:46', NULL),
(97, 'Adrianna Mohr', '1-800-613-4019', '79806 Heaney Highway Apt. 515\nNorth Letaburgh, WV 09346', '2017-03-03 20:29:46', '2017-03-03 20:29:46', NULL),
(98, 'Prof. Dakota Heaney', '866-835-5070', '11599 Rebeka Fall\nMannville, NY 08166-0017', '2017-03-03 20:29:46', '2017-03-03 20:29:46', NULL),
(99, 'Miss Ernestine Emard IV', '1-855-824-2016', '95754 Gulgowski Lock Apt. 267\nSouth Ezekielland, HI 01492-0263', '2017-03-03 20:29:46', '2017-03-03 20:29:46', NULL),
(100, 'Desiree Leannon', '855.470.8170', '172 Stoltenberg Dam Suite 243\nSouth Ophelia, TN 20096-1346', '2017-03-03 20:29:46', '2017-03-03 20:29:46', NULL),
(101, 'Jackeline Hirthe', '(855) 688-9321', '124 Clyde Estate Suite 438\nPort Kip, FL 96772-1975', '2017-03-03 20:29:46', '2017-03-03 20:29:46', NULL),
(102, 'Delmer Crist', '1-888-273-4909', '58789 Osinski Shores\nEast Madilynstad, AR 18879', '2017-03-03 20:29:46', '2017-03-03 20:29:46', NULL),
(103, 'Libbie Kling', '844.828.5966', '49253 Rosella Stravenue Apt. 482\nRosendostad, TX 11033', '2017-03-03 20:29:46', '2017-03-03 20:29:46', NULL),
(104, 'Mr. Davion Eichmann III', '855-398-5627', '668 Donnelly Lights Suite 853\nSchmelerhaven, AR 27019-1219', '2017-03-03 20:29:46', '2017-03-03 20:29:46', NULL),
(105, 'Felipe Ankunding', '800-781-5824', '3896 Torp Spurs\nWest Estevan, NM 47148', '2017-03-03 20:29:46', '2017-03-03 20:29:46', NULL),
(106, 'Dr. Richie Gulgowski MD', '1-866-221-2282', '32160 Nova Island\nPinkton, IN 61622-4464', '2017-03-03 20:29:46', '2017-03-03 20:29:46', NULL),
(107, 'Dr. Talon O\'Reilly', '888.606.2500', '68456 Charlie Knoll\nWest Minervatown, HI 06044-8963', '2017-03-03 20:29:46', '2017-03-03 20:29:46', NULL),
(108, 'Lucie Skiles', '866.919.4454', '1229 Jazmyn Branch\nNorth Olenton, MI 41036-1209', '2017-03-03 20:29:46', '2017-03-03 20:29:46', NULL),
(109, 'Roberta Stark', '877.634.8248', '68534 Shana Turnpike Apt. 130\nVonRuedenbury, AK 98679', '2017-03-03 20:29:46', '2017-03-03 20:29:46', NULL),
(110, 'Dr. Clint Hayes PhD', '(888) 487-9044', '658 Runolfsdottir Pine Suite 122\nSouth Vitamouth, ID 61600', '2017-03-03 20:29:46', '2017-03-03 20:29:46', NULL),
(111, 'Dr. Dovie Kassulke', '855-719-1781', '7613 Jazmyne Flats Suite 641\nAbshireport, KY 89120', '2017-03-03 20:29:46', '2017-03-03 20:29:46', NULL),
(112, 'Ona Paucek DVM', '1-844-596-1125', '879 Janiya Streets Suite 314\nEribertochester, NE 63570-2391', '2017-03-03 20:29:46', '2017-03-03 20:29:46', NULL),
(113, 'Prof. Blaze Moore', '1-877-537-2916', '79360 Maia Mountains\nMullerport, SD 21539-2955', '2017-03-03 20:29:46', '2017-03-03 20:29:46', NULL),
(114, 'Javier Balistreri', '877-385-2338', '344 Krajcik Estate Suite 153\nNorth Cathrine, ME 23686', '2017-03-03 20:29:46', '2017-03-03 20:29:46', NULL),
(115, 'Mr. Jessie Feil', '(844) 683-3353', '50138 Travon Square Suite 268\nWest Barbarafort, MO 75890', '2017-03-03 20:29:46', '2017-03-03 20:29:46', NULL),
(116, 'Ona West DVM', '855-404-6884', '894 Scot Landing\nSpencermouth, CA 86978-1486', '2017-03-03 20:29:46', '2017-03-03 20:29:46', NULL),
(117, 'Jonathan Goodwin', '800.320.7671', '802 Tyree Way\nPort Osvaldo, SD 72124', '2017-03-03 20:29:46', '2017-03-03 20:29:46', NULL),
(118, 'Mr. Adolphus Jerde', '1-866-737-5125', '1650 Fay Squares Apt. 709\nRayport, NJ 85106-0584', '2017-03-03 20:29:46', '2017-03-03 20:29:46', NULL),
(119, 'Ollie West', '1-877-730-7828', '98542 Bode Mews\nEbertville, HI 08419-6859', '2017-03-03 20:29:46', '2017-03-03 20:29:46', NULL),
(120, 'Bud Runolfsdottir', '(800) 380-0887', '465 Cruz Station Suite 399\nRempelberg, UT 16982-6030', '2017-03-03 20:29:46', '2017-03-03 20:29:46', NULL),
(121, 'Brown Kiehn', '800-253-4062', '28208 Zboncak Views\nTorphymouth, AL 23816', '2017-03-03 20:29:46', '2017-03-03 20:29:46', NULL),
(122, 'Deion Green', '(866) 330-7505', '4301 Alexander Springs Suite 689\nWainoland, UT 50373-1326', '2017-03-03 20:29:46', '2017-03-03 20:29:46', NULL),
(123, 'Mrs. Lyla Raynor', '1-844-873-6661', '303 Balistreri Neck\nTimmyland, TN 24704', '2017-03-03 20:29:46', '2017-03-03 20:29:46', NULL),
(124, 'Dortha Ondricka', '844.718.3605', '904 Zaria Radial Suite 933\nBalistreritown, IA 95668', '2017-03-03 20:29:46', '2017-03-03 20:29:46', NULL),
(125, 'Teresa Predovic', '1-800-222-0348', '7033 Corene Drive Apt. 356\nDavisbury, HI 00660', '2017-03-03 20:29:46', '2017-03-03 20:29:46', NULL),
(126, 'Wilhelmine Stanton', '800.522.7390', '29579 Emmalee Spurs Suite 882\nLake Kristyfurt, ID 33108-4615', '2017-03-03 20:29:46', '2017-03-03 20:29:46', NULL),
(127, 'Pierre Goodwin', '(888) 969-1510', '384 Gisselle Cliffs Apt. 932\nNorth Benjamin, MN 18110-9441', '2017-03-03 20:29:46', '2017-03-03 20:29:46', NULL),
(128, 'Prof. Paxton Farrell Sr.', '800-912-1738', '619 Yost Loop Apt. 027\nEberttown, TN 96085-9568', '2017-03-03 20:29:46', '2017-03-03 20:29:46', NULL),
(129, 'Sarah Kassulke II', '844.682.5838', '305 Gonzalo Harbor Suite 094\nKaceyberg, FL 91547-4016', '2017-03-03 20:29:46', '2017-03-03 20:29:46', NULL),
(130, 'Joy Fadel', '(800) 245-7897', '8188 O\'Keefe Spurs\nFloydborough, NH 70911-4719', '2017-03-03 20:29:46', '2017-03-03 20:29:46', NULL),
(131, 'Mr. Wilton Trantow', '855.590.7676', '8283 Bahringer Via Apt. 961\nJadeport, KS 62350-0906', '2017-03-03 20:29:46', '2017-03-03 20:29:46', NULL),
(132, 'Tavares Becker', '1-866-687-2125', '162 Kurt Inlet Suite 056\nLarsonstad, NY 50216', '2017-03-03 20:29:46', '2017-03-03 20:29:46', NULL),
(133, 'Leanna Legros', '877.752.8333', '3725 Reed Walk\nKleinfurt, AL 13860-1812', '2017-03-03 20:29:46', '2017-03-03 20:29:46', NULL),
(134, 'Miss Fleta Herzog', '1-877-531-3315', '922 Audreanne Dale\nEmardbury, WV 94432-7838', '2017-03-03 20:29:46', '2017-03-03 20:29:46', NULL),
(135, 'Bethany Larkin', '800-605-7825', '70476 Marjorie Plaza Suite 663\nLake Natalia, ID 71672', '2017-03-03 20:29:46', '2017-03-03 20:29:46', NULL),
(136, 'Montana Ritchie III', '1-800-237-6257', '480 Erdman Motorway\nAxelfort, NJ 30241', '2017-03-03 20:29:46', '2017-03-03 20:29:46', NULL),
(137, 'Porter Herzog', '1-877-472-4978', '55703 Cody Cove\nOlsonmouth, NC 08810', '2017-03-03 20:29:46', '2017-03-03 20:29:46', NULL),
(138, 'Victoria Zemlak I', '1-866-295-9349', '15019 Prohaska Squares Apt. 475\nLake Damonmouth, CT 27323', '2017-03-03 20:29:46', '2017-03-03 20:29:46', NULL),
(139, 'Giovani Price', '844.709.7017', '5823 Mireya Cliff\nConnfurt, TN 90918-4802', '2017-03-03 20:29:46', '2017-03-03 20:29:46', NULL),
(140, 'Mr. Rosario Streich IV', '877.469.8833', '108 Romaguera Throughway\nDarrenchester, NE 34557-9218', '2017-03-03 20:29:46', '2017-03-03 20:29:46', NULL),
(141, 'Antonina Green', '855-242-5754', '94241 Abernathy Turnpike\nSouth Gildashire, LA 91176', '2017-03-03 20:29:46', '2017-03-03 20:29:46', NULL),
(142, 'Mrs. Clemmie Stanton III', '800.599.4456', '7493 Mante Isle\nKatherinebury, ID 66706-9687', '2017-03-03 20:29:46', '2017-03-03 20:29:46', NULL),
(143, 'Dr. Coy Trantow', '1-844-736-0799', '160 Schinner Lock\nNorth Alaina, UT 44846-5509', '2017-03-03 20:29:46', '2017-03-03 20:29:46', NULL),
(144, 'Thea Gulgowski', '855-988-7289', '792 Jarred Shoals\nJarodmouth, NJ 85557-1774', '2017-03-03 20:29:46', '2017-03-03 20:29:46', NULL),
(145, 'Deven Schowalter', '(800) 314-6277', '32138 Arlie Fall\nOctaviamouth, KS 28654', '2017-03-03 20:29:46', '2017-03-03 20:29:46', NULL),
(146, 'Elyssa Corwin MD', '1-866-909-1679', '202 Lemke Underpass\nNorth Jaycee, WV 94471-1569', '2017-03-03 20:29:46', '2017-03-03 20:29:46', NULL),
(147, 'Dr. Davon Kris', '866-489-6529', '9535 Kertzmann Mill Apt. 449\nEast Dinaberg, VT 65157', '2017-03-03 20:29:46', '2017-03-03 20:29:46', NULL),
(148, 'Jettie Walker', '(855) 976-8037', '3363 Clifford Villages\nAlton, NY 69965', '2017-03-03 20:29:46', '2017-03-03 20:29:46', NULL),
(149, 'Vena Kihn', '855-524-4030', '6367 Jettie Walk\nMillsmouth, ME 24369-8551', '2017-03-03 20:29:46', '2017-03-03 20:29:46', NULL),
(150, 'Bella Veum', '855.869.7237', '1652 Maggie Port\nHarrisborough, DE 20767', '2017-03-03 20:29:46', '2017-03-03 20:29:46', NULL),
(151, 'Dr. Katelyn Quitzon', '1-866-945-4424', '9911 Padberg Knolls\nJacquesside, IL 44176', '2017-03-03 20:29:46', '2017-03-03 20:29:46', NULL),
(152, 'Jaylon Hayes', '855-957-6519', '1301 Florine Rapids Apt. 057\nSwaniawskiside, WI 12793-2309', '2017-03-03 20:29:46', '2017-03-03 20:29:46', NULL),
(153, 'Garett Johnston V', '1-866-822-9443', '3397 Carson Mews Suite 878\nEast Darenberg, NJ 52115', '2017-03-03 20:29:46', '2017-03-03 20:29:46', NULL),
(154, 'Dr. Gilbert Pfannerstill Sr.', '855-500-6346', '15909 Herman Trafficway\nWest Porterfort, NH 49797-6565', '2017-03-03 20:29:46', '2017-03-03 20:29:46', NULL),
(155, 'Vivienne Kuhic', '888.953.6784', '262 Davis Expressway Apt. 267\nNorth Gertrudemouth, WY 36758-3756', '2017-03-03 20:29:46', '2017-03-03 20:29:46', NULL),
(156, 'Miss Eldora Ondricka IV', '(888) 796-2269', '52535 Hermiston Walks Suite 894\nGuidoborough, OH 98951', '2017-03-03 20:29:46', '2017-03-03 20:29:46', NULL),
(157, 'Gerry Kozey', '1-866-518-0768', '92123 Buddy Cove Suite 625\nMurphychester, PA 32250', '2017-03-03 20:29:46', '2017-03-03 20:29:46', NULL),
(158, 'Reva Rolfson', '(888) 480-7127', '9373 Keeley Coves Apt. 230\nSouth Deontae, CO 39179', '2017-03-03 20:29:46', '2017-03-03 20:29:46', NULL),
(159, 'Jazlyn Von V', '(800) 867-2664', '9220 Ransom Rest Apt. 978\nSchultzburgh, OK 87687', '2017-03-03 20:29:46', '2017-03-03 20:29:46', NULL),
(160, 'Joanny Glover II', '877.694.4780', '658 Barbara Neck\nAllanbury, RI 31663-9182', '2017-03-03 20:29:46', '2017-03-03 20:29:46', NULL),
(161, 'Mrs. Addison Bogisich Jr.', '800.547.1139', '8580 Schuyler Villages\nClovistown, MO 68278', '2017-03-03 20:29:46', '2017-03-03 20:29:46', NULL),
(162, 'Jovan McLaughlin DVM', '844-753-9865', '74631 Sarai Locks\nNew Verda, TN 14690-6035', '2017-03-03 20:29:46', '2017-03-03 20:29:46', NULL),
(163, 'Effie Anderson', '888.703.9445', '44701 Marvin Stream\nWest Darius, VT 07024-3232', '2017-03-03 20:29:46', '2017-03-03 20:29:46', NULL),
(164, 'Fidel Schaefer', '877-613-4117', '8486 Streich Fall Apt. 222\nPort Enochville, GA 71406-9727', '2017-03-03 20:29:46', '2017-03-03 20:29:46', NULL),
(165, 'Jaqueline Glover', '(888) 425-4534', '6253 Laisha Ranch Apt. 895\nAliciaborough, ME 90795', '2017-03-03 20:29:46', '2017-03-03 20:29:46', NULL),
(166, 'Dino Koss Jr.', '1-888-600-6200', '22485 Streich Rapid Suite 267\nGerrymouth, NE 94510', '2017-03-03 20:29:46', '2017-03-03 20:29:46', NULL),
(167, 'Prof. Bobbie Robel', '(877) 345-6473', '101 Watsica Mall\nAbdullahshire, TX 72201-3901', '2017-03-03 20:29:46', '2017-03-03 20:29:46', NULL),
(168, 'Mrs. Adele Nolan DDS', '844-252-5256', '984 Justine Hills Apt. 370\nNew Kasandra, MT 21432', '2017-03-03 20:29:46', '2017-03-03 20:29:46', NULL),
(169, 'Oran Klein', '1-888-707-3968', '642 Heidenreich Groves\nDaronton, KS 22157', '2017-03-03 20:29:46', '2017-03-03 20:29:46', NULL),
(170, 'Mrs. Baby O\'Reilly I', '1-866-655-7260', '6000 Bechtelar Turnpike Apt. 742\nGutkowskifort, MD 90201', '2017-03-03 20:29:46', '2017-03-03 20:29:46', NULL),
(171, 'Dr. Rene Kuhic Sr.', '(800) 267-9250', '32343 Torphy Stravenue\nNew Flossie, HI 77350', '2017-03-03 20:29:46', '2017-03-03 20:29:46', NULL),
(172, 'Sylvia Little', '866-431-2465', '9711 Herminia Shoal\nNorth Eldridge, WI 03887-6531', '2017-03-03 20:29:46', '2017-03-03 20:29:46', NULL),
(173, 'Arnold Feeney', '888.937.5465', '307 O\'Kon Way Apt. 752\nRyannport, NH 46432-2827', '2017-03-03 20:29:46', '2017-03-03 20:29:46', NULL),
(174, 'Jaqueline Windler', '(800) 261-1264', '867 Barry Crossing Suite 883\nErnestinaburgh, VA 41787-0983', '2017-03-03 20:29:46', '2017-03-03 20:29:46', NULL),
(175, 'Sigmund Armstrong DVM', '(888) 409-6469', '916 Jamison Loop Suite 936\nLake Koby, DC 76916', '2017-03-03 20:29:46', '2017-03-03 20:29:46', NULL),
(176, 'Prof. Ulices Smith II', '1-844-444-6476', '7972 Heaney Circles\nLarkinfort, LA 98519', '2017-03-03 20:29:46', '2017-03-03 20:29:46', NULL),
(177, 'Miss Marielle Lockman IV', '(877) 935-1141', '20764 Howell Union Apt. 310\nTrompfurt, TX 15714-8485', '2017-03-03 20:29:46', '2017-03-03 20:29:46', NULL),
(178, 'Prof. Marcos D\'Amore Sr.', '1-800-955-7009', '6402 Breitenberg Mountains Apt. 775\nMarlinfurt, OH 02018-4415', '2017-03-03 20:29:46', '2017-03-03 20:29:46', NULL),
(179, 'Betsy Langosh', '888.440.4702', '8422 Ray Lodge Apt. 609\nNorth Dion, AZ 13425', '2017-03-03 20:29:46', '2017-03-03 20:29:46', NULL),
(180, 'Zackary Huels', '855.548.3090', '5781 Toni Mountain Apt. 767\nSouth Harrison, TX 87642-1700', '2017-03-03 20:29:46', '2017-03-03 20:29:46', NULL),
(181, 'Sonya Strosin', '888-971-1341', '1618 Kling Dale\nLake Rhea, NH 06929', '2017-03-03 20:29:46', '2017-03-03 20:29:46', NULL),
(182, 'Mrs. Athena Wehner MD', '(866) 379-3184', '1084 Jaron Crest\nNorth Jordanechester, WA 96237-5012', '2017-03-03 20:29:46', '2017-03-03 20:29:46', NULL),
(183, 'Mr. Fermin Hauck', '1-800-228-9353', '73329 Shawna Cliff Apt. 074\nBaileymouth, CA 07491-6329', '2017-03-03 20:29:46', '2017-03-03 20:29:46', NULL),
(184, 'Gilbert Heathcote', '877.932.2456', '30044 Jayme Roads\nKarianneberg, HI 02106', '2017-03-03 20:29:46', '2017-03-03 20:29:46', NULL),
(185, 'Mabel Goldner', '(844) 989-4336', '652 Isabelle Square Suite 745\nNorth Ericside, GA 01197', '2017-03-03 20:29:46', '2017-03-03 20:29:46', NULL),
(186, 'Mr. Rosendo Mitchell IV', '(800) 654-3641', '25097 Javon Roads\nKlockostad, MA 41208-2430', '2017-03-03 20:29:46', '2017-03-03 20:29:46', NULL),
(187, 'Dejuan Jones', '(800) 596-4355', '177 River Groves Suite 545\nEast Dejuanstad, DE 81159-1827', '2017-03-03 20:29:46', '2017-03-03 20:29:46', NULL),
(188, 'Grayce Bashirian MD', '844.693.0115', '12733 Oren Locks Suite 569\nLake Sanford, ME 31023-5573', '2017-03-03 20:29:46', '2017-03-03 20:29:46', NULL),
(189, 'Unique Monahan', '1-877-514-6670', '5153 Manuel Glen\nSouth Victoriachester, WY 57221', '2017-03-03 20:29:46', '2017-03-03 20:29:46', NULL),
(190, 'Pinkie Olson', '1-800-605-4531', '12502 Jade Rue Suite 627\nLake Minerva, KY 07863-9617', '2017-03-03 20:29:46', '2017-03-03 20:29:46', NULL),
(191, 'Mrs. Yvonne Hammes', '888-402-8835', '8300 Evie Hollow Suite 165\nSouth Marieville, CT 70908-9969', '2017-03-03 20:29:46', '2017-03-03 20:29:46', NULL),
(192, 'Mrs. Ashley Goldner', '844.770.0939', '12611 Tobin Roads Suite 748\nKiehnfurt, AR 88010', '2017-03-03 20:29:46', '2017-03-03 20:29:46', NULL),
(193, 'Janelle Jacobson', '(800) 203-5929', '8990 Emard Oval\nLeilaport, ND 59379-8937', '2017-03-03 20:29:46', '2017-03-03 20:29:46', NULL),
(194, 'Fidel Fay', '888-991-1398', '606 Tillman Fort\nNew Melisaland, IA 20081', '2017-03-03 20:29:46', '2017-03-03 20:29:46', NULL),
(195, 'Jadyn Rogahn III', '844-825-4286', '678 Lauretta Glens Suite 115\nRyannview, KY 25391', '2017-03-03 20:29:46', '2017-03-03 20:29:46', NULL),
(196, 'Mrs. Lea McClure', '1-866-566-9453', '38483 Amely Mount\nEast Georgette, WA 10398-6926', '2017-03-03 20:29:46', '2017-03-03 20:29:46', NULL),
(197, 'Nickolas Abernathy', '855-979-4505', '545 Kristoffer Islands Suite 209\nWest Americo, OR 76571', '2017-03-03 20:29:46', '2017-03-03 20:29:46', NULL),
(198, 'Bret Cassin', '(888) 362-2292', '78538 Lauren Inlet\nWest Jazmin, MD 15274', '2017-03-03 20:29:46', '2017-03-03 20:29:46', NULL),
(199, 'Pedro Lebsack', '1-800-223-6914', '1928 Godfrey Via\nAndrestown, FL 83054-3742', '2017-03-03 20:29:46', '2017-03-03 20:29:46', NULL),
(200, 'Mr. Newell D\'Amore I', '844-875-5109', '2643 Renner Forge\nWehnerberg, OR 53332', '2017-03-03 20:29:46', '2017-03-03 20:29:46', NULL);

--
-- Індекси збережених таблиць
--

--
-- Індекси таблиці `migrations`
--
ALTER TABLE `migrations`
  ADD PRIMARY KEY (`id`);

--
-- Індекси таблиці `reviews`
--
ALTER TABLE `reviews`
  ADD PRIMARY KEY (`id`),
  ADD KEY `reviews_author_id_foreign` (`author_id`);

--
-- Індекси таблиці `users`
--
ALTER TABLE `users`
  ADD PRIMARY KEY (`id`),
  ADD UNIQUE KEY `users_name_unique` (`name`);

--
-- AUTO_INCREMENT для збережених таблиць
--

--
-- AUTO_INCREMENT для таблиці `migrations`
--
ALTER TABLE `migrations`
  MODIFY `id` int(10) UNSIGNED NOT NULL AUTO_INCREMENT, AUTO_INCREMENT=3;
--
-- AUTO_INCREMENT для таблиці `reviews`
--
ALTER TABLE `reviews`
  MODIFY `id` int(10) UNSIGNED NOT NULL AUTO_INCREMENT, AUTO_INCREMENT=500;
--
-- AUTO_INCREMENT для таблиці `users`
--
ALTER TABLE `users`
  MODIFY `id` int(10) UNSIGNED NOT NULL AUTO_INCREMENT, AUTO_INCREMENT=201;
--
-- Обмеження зовнішнього ключа збережених таблиць
--

--
-- Обмеження зовнішнього ключа таблиці `reviews`
--
ALTER TABLE `reviews`
  ADD CONSTRAINT `reviews_author_id_foreign` FOREIGN KEY (`author_id`) REFERENCES `users` (`id`) ON DELETE CASCADE;

/*!40101 SET CHARACTER_SET_CLIENT=@OLD_CHARACTER_SET_CLIENT */;
/*!40101 SET CHARACTER_SET_RESULTS=@OLD_CHARACTER_SET_RESULTS */;
/*!40101 SET COLLATION_CONNECTION=@OLD_COLLATION_CONNECTION */;
